fov_key,dataset,filename,image_path,density_label,overlap_label,density_ord,overlap_ord
initial-071626/dpc-235-KIT-62501048.png,initial-071626,dpc-235-KIT-62501048.png,C:\Users\owlem\Projects\fov-filtering-tool\crowding-crenation\data\raw\initial-dataset-071626\dpc-235-KIT-62501048.png,monolayer,no rouleaux,1,0
initial-071626/dpc-105-KIT-62500652.png,initial-071626,dpc-105-KIT-62500652.png,C:\Users\owlem\Projects\fov-filtering-tool\crowding-crenation\data\raw\initial-dataset-071626\dpc-105-KIT-62500652.png,slightly dense,some rouleaux,2,2
initial-071626/dpc-051-LB-D3-2025-08-30-125645-25021889-D-thin-1.png,initial-071626,dpc-051-LB-D3-2025-08-30-125645-25021889-D-thin-1.png,C:\Users\owlem\Projects\fov-filtering-tool\crowding-crenation\data\raw\initial-dataset-071626\dpc-051-LB-D3-2025-08-30-125645-25021889-D-thin-1.png,monolayer,slight rouleaux,1,1
initial-071626/dpc-035-LB-D3-2025-10-03-122127-250912792D-thin-3-4.png,initial-071626,dpc-035-LB-D3-2025-10-03-122127-250912792D-thin-3-4.png,C:\Users\owlem\Projects\fov-filtering-tool\crowding-crenation\data\raw\initial-dataset-071626\dpc-035-LB-D3-2025-10-03-122127-250912792D-thin-3-4.png,dense,some rouleaux,3,2
initial-071626/dpc-015-LB-D3-2025-10-03-122127-250912792D-thin-3-4.png,initial-071626,dpc-015-LB-D3-2025-10-03-122127-250912792D-thin-3-4.png,C:\Users\owlem\Projects\fov-filtering-tool\crowding-crenation\data\raw\initial-dataset-071626\dpc-015-LB-D3-2025-10-03-122127-250912792D-thin-3-4.png,slightly dense,slight rouleaux,2,1
initial-071626/dpc-174-LB-D3-2025-08-30-125645-25021889-D-thin-1.png,initial-071626,dpc-174-LB-D3-2025-08-30-125645-25021889-D-thin-1.png,C:\Users\owlem\Projects\fov-filtering-tool\crowding-crenation\data\raw\initial-dataset-071626\dpc-174-LB-D3-2025-08-30-125645-25021889-D-thin-1.png,dense,rouleaux,3,3
initial-071626/dpc-145-LB-D12-2026-03-04-114809-250817119ELWA-Negative-2.png,initial-071626,dpc-145-LB-D12-2026-03-04-114809-250817119ELWA-Negative-2.png,C:\Users\owlem\Projects\fov-filtering-tool\crowding-crenation\data\raw\initial-dataset-071626\dpc-145-LB-D12-2026-03-04-114809-250817119ELWA-Negative-2.png,dense,rouleaux,3,3
initial-071626/dpc-134-LB-D3-2025-08-30-125645-25021889-D-thin-1.png,initial-071626,dpc-134-LB-D3-2025-08-30-125645-25021889-D-thin-1.png,C:\Users\owlem\Projects\fov-filtering-tool\crowding-crenation\data\raw\initial-dataset-071626\dpc-134-LB-D3-2025-08-30-125645-25021889-D-thin-1.png,dense,rouleaux,3,3
initial-071626/dpc-198-KIT-62501056.png,initial-071626,dpc-198-KIT-62501056.png,C:\Users\owlem\Projects\fov-filtering-tool\crowding-crenation\data\raw\initial-dataset-071626\dpc-198-KIT-62501056.png,slightly dense,some rouleaux,2,2
initial-071626/dpc-168-KIT-62500666.png,initial-071626,dpc-168-KIT-62500666.png,C:\Users\owlem\Projects\fov-filtering-tool\crowding-crenation\data\raw\initial-dataset-071626\dpc-168-KIT-62500666.png,monolayer,slight rouleaux,1,1
initial-071626/dpc-146-LB-D3-2025-08-30-125645-25021889-D-thin-1.png,initial-071626,dpc-146-LB-D3-2025-08-30-125645-25021889-D-thin-1.png,C:\Users\owlem\Projects\fov-filtering-tool\crowding-crenation\data\raw\initial-dataset-071626\dpc-146-LB-D3-2025-08-30-125645-25021889-D-thin-1.png,very dense,heavy rouleaux,4,4
initial-071626/dpc-008-LB-D3-2025-08-30-130619-2412193030-D-thin-2.png,initial-071626,dpc-008-LB-D3-2025-08-30-130619-2412193030-D-thin-2.png,C:\Users\owlem\Projects\fov-filtering-tool\crowding-crenation\data\raw\initial-dataset-071626\dpc-008-LB-D3-2025-08-30-130619-2412193030-D-thin-2.png,very dense,heavy rouleaux,4,4
initial-071626/dpc-020-LB-D3-2025-08-30-132634-250816974-D-thin-4.png,initial-071626,dpc-020-LB-D3-2025-08-30-132634-250816974-D-thin-4.png,C:\Users\owlem\Projects\fov-filtering-tool\crowding-crenation\data\raw\initial-dataset-071626\dpc-020-LB-D3-2025-08-30-132634-250816974-D-thin-4.png,very dense,heavy rouleaux,4,4
tanzania-073026/dpc-001-KTR-72502948.png,tanzania-073026,dpc-001-KTR-72502948.png,C:\Users\owlem\Projects\fov-filtering-tool\crowding-crenation\data\raw\new\KTR-72502948\dpc\dpc-001-KTR-72502948.png,monolayer,no rouleaux,1,0
tanzania-073026/dpc-002-KTR-72502948.png,tanzania-073026,dpc-002-KTR-72502948.png,C:\Users\owlem\Projects\fov-filtering-tool\crowding-crenation\data\raw\new\KTR-72502948\dpc\dpc-002-KTR-72502948.png,monolayer,no rouleaux,1,0
tanzania-073026/dpc-003-KTR-72502948.png,tanzania-073026,dpc-003-KTR-72502948.png,C:\Users\owlem\Projects\fov-filtering-tool\crowding-crenation\data\raw\new\KTR-72502948\dpc\dpc-003-KTR-72502948.png,monolayer,no rouleaux,1,0
tanzania-073026/dpc-004-KTR-72502948.png,tanzania-073026,dpc-004-KTR-72502948.png,C:\Users\owlem\Projects\fov-filtering-tool\crowding-crenation\data\raw\new\KTR-72502948\dpc\dpc-004-KTR-72502948.png,monolayer,no rouleaux,1,0
tanzania-073026/dpc-005-KTR-72502948.png,tanzania-073026,dpc-005-KTR-72502948.png,C:\Users\owlem\Projects\fov-filtering-tool\crowding-crenation\data\raw\new\KTR-72502948\dpc\dpc-005-KTR-72502948.png,monolayer,no rouleaux,1,0
tanzania-073026/dpc-006-KTR-72502948.png,tanzania-073026,dpc-006-KTR-72502948.png,C:\Users\owlem\Projects\fov-filtering-tool\crowding-crenation\data\raw\new\KTR-72502948\dpc\dpc-006-KTR-72502948.png,monolayer,no rouleaux,1,0
tanzania-073026/dpc-007-KTR-72502948.png,tanzania-073026,dpc-007-KTR-72502948.png,C:\Users\owlem\Projects\fov-filtering-tool\crowding-crenation\data\raw\new\KTR-72502948\dpc\dpc-007-KTR-72502948.png,monolayer,no rouleaux,1,0
tanzania-073026/dpc-008-KTR-72502948.png,tanzania-073026,dpc-008-KTR-72502948.png,C:\Users\owlem\Projects\fov-filtering-tool\crowding-crenation\data\raw\new\KTR-72502948\dpc\dpc-008-KTR-72502948.png,monolayer,no rouleaux,1,0
tanzania-073026/dpc-009-KTR-72502948.png,tanzania-073026,dpc-009-KTR-72502948.png,C:\Users\owlem\Projects\fov-filtering-tool\crowding-crenation\data\raw\new\KTR-72502948\dpc\dpc-009-KTR-72502948.png,monolayer,no rouleaux,1,0
tanzania-073026/dpc-010-KTR-72502948.png,tanzania-073026,dpc-010-KTR-72502948.png,C:\Users\owlem\Projects\fov-filtering-tool\crowding-crenation\data\raw\new\KTR-72502948\dpc\dpc-010-KTR-72502948.png,monolayer,no rouleaux,1,0
tanzania-073026/dpc-011-KTR-72502948.png,tanzania-073026,dpc-011-KTR-72502948.png,C:\Users\owlem\Projects\fov-filtering-tool\crowding-crenation\data\raw\new\KTR-72502948\dpc\dpc-011-KTR-72502948.png,monolayer,no rouleaux,1,0
tanzania-073026/dpc-012-KTR-72502948.png,tanzania-073026,dpc-012-KTR-72502948.png,C:\Users\owlem\Projects\fov-filtering-tool\crowding-crenation\data\raw\new\KTR-72502948\dpc\dpc-012-KTR-72502948.png,monolayer,slight rouleaux,1,1
tanzania-073026/dpc-013-KTR-72502948.png,tanzania-073026,dpc-013-KTR-72502948.png,C:\Users\owlem\Projects\fov-filtering-tool\crowding-crenation\data\raw\new\KTR-72502948\dpc\dpc-013-KTR-72502948.png,monolayer,no rouleaux,1,0
tanzania-073026/dpc-014-KTR-72502948.png,tanzania-073026,dpc-014-KTR-72502948.png,C:\Users\owlem\Projects\fov-filtering-tool\crowding-crenation\data\raw\new\KTR-72502948\dpc\dpc-014-KTR-72502948.png,monolayer,slight rouleaux,1,1
tanzania-073026/dpc-015-KTR-72502948.png,tanzania-073026,dpc-015-KTR-72502948.png,C:\Users\owlem\Projects\fov-filtering-tool\crowding-crenation\data\raw\new\KTR-72502948\dpc\dpc-015-KTR-72502948.png,monolayer,slight rouleaux,1,1
tanzania-073026/dpc-016-KTR-72502948.png,tanzania-073026,dpc-016-KTR-72502948.png,C:\Users\owlem\Projects\fov-filtering-tool\crowding-crenation\data\raw\new\KTR-72502948\dpc\dpc-016-KTR-72502948.png,monolayer,slight rouleaux,1,1
tanzania-073026/dpc-017-KTR-72502948.png,tanzania-073026,dpc-017-KTR-72502948.png,C:\Users\owlem\Projects\fov-filtering-tool\crowding-crenation\data\raw\new\KTR-72502948\dpc\dpc-017-KTR-72502948.png,slightly dense,slight rouleaux,2,1
tanzania-073026/dpc-018-KTR-72502948.png,tanzania-073026,dpc-018-KTR-72502948.png,C:\Users\owlem\Projects\fov-filtering-tool\crowding-crenation\data\raw\new\KTR-72502948\dpc\dpc-018-KTR-72502948.png,slightly dense,slight rouleaux,2,1
tanzania-073026/dpc-019-KTR-72502948.png,tanzania-073026,dpc-019-KTR-72502948.png,C:\Users\owlem\Projects\fov-filtering-tool\crowding-crenation\data\raw\new\KTR-72502948\dpc\dpc-019-KTR-72502948.png,monolayer,no rouleaux,1,0
tanzania-073026/dpc-020-KTR-72502948.png,tanzania-073026,dpc-020-KTR-72502948.png,C:\Users\owlem\Projects\fov-filtering-tool\crowding-crenation\data\raw\new\KTR-72502948\dpc\dpc-020-KTR-72502948.png,monolayer,no rouleaux,1,0
tanzania-073026/dpc-021-KTR-72502948.png,tanzania-073026,dpc-021-KTR-72502948.png,C:\Users\owlem\Projects\fov-filtering-tool\crowding-crenation\data\raw\new\KTR-72502948\dpc\dpc-021-KTR-72502948.png,monolayer,no rouleaux,1,0
tanzania-073026/dpc-022-KTR-72502948.png,tanzania-073026,dpc-022-KTR-72502948.png,C:\Users\owlem\Projects\fov-filtering-tool\crowding-crenation\data\raw\new\KTR-72502948\dpc\dpc-022-KTR-72502948.png,monolayer,no rouleaux,1,0
tanzania-073026/dpc-023-KTR-72502948.png,tanzania-073026,dpc-023-KTR-72502948.png,C:\Users\owlem\Projects\fov-filtering-tool\crowding-crenation\data\raw\new\KTR-72502948\dpc\dpc-023-KTR-72502948.png,monolayer,no rouleaux,1,0
tanzania-073026/dpc-024-KTR-72502948.png,tanzania-073026,dpc-024-KTR-72502948.png,C:\Users\owlem\Projects\fov-filtering-tool\crowding-crenation\data\raw\new\KTR-72502948\dpc\dpc-024-KTR-72502948.png,monolayer,no rouleaux,1,0
tanzania-073026/dpc-025-KTR-72502948.png,tanzania-073026,dpc-025-KTR-72502948.png,C:\Users\owlem\Projects\fov-filtering-tool\crowding-crenation\data\raw\new\KTR-72502948\dpc\dpc-025-KTR-72502948.png,monolayer,no rouleaux,1,0
tanzania-073026/dpc-026-KTR-72502948.png,tanzania-073026,dpc-026-KTR-72502948.png,C:\Users\owlem\Projects\fov-filtering-tool\crowding-crenation\data\raw\new\KTR-72502948\dpc\dpc-026-KTR-72502948.png,monolayer,no rouleaux,1,0
tanzania-073026/dpc-027-KTR-72502948.png,tanzania-073026,dpc-027-KTR-72502948.png,C:\Users\owlem\Projects\fov-filtering-tool\crowding-crenation\data\raw\new\KTR-72502948\dpc\dpc-027-KTR-72502948.png,monolayer,no rouleaux,1,0
tanzania-073026/dpc-028-KTR-72502948.png,tanzania-073026,dpc-028-KTR-72502948.png,C:\Users\owlem\Projects\fov-filtering-tool\crowding-crenation\data\raw\new\KTR-72502948\dpc\dpc-028-KTR-72502948.png,monolayer,no rouleaux,1,0
tanzania-073026/dpc-029-KTR-72502948.png,tanzania-073026,dpc-029-KTR-72502948.png,C:\Users\owlem\Projects\fov-filtering-tool\crowding-crenation\data\raw\new\KTR-72502948\dpc\dpc-029-KTR-72502948.png,monolayer,no rouleaux,1,0
tanzania-073026/dpc-030-KTR-72502948.png,tanzania-073026,dpc-030-KTR-72502948.png,C:\Users\owlem\Projects\fov-filtering-tool\crowding-crenation\data\raw\new\KTR-72502948\dpc\dpc-030-KTR-72502948.png,monolayer,no rouleaux,1,0
tanzania-073026/dpc-031-KTR-72502948.png,tanzania-073026,dpc-031-KTR-72502948.png,C:\Users\owlem\Projects\fov-filtering-tool\crowding-crenation\data\raw\new\KTR-72502948\dpc\dpc-031-KTR-72502948.png,monolayer,no rouleaux,1,0
tanzania-073026/dpc-032-KTR-72502948.png,tanzania-073026,dpc-032-KTR-72502948.png,C:\Users\owlem\Projects\fov-filtering-tool\crowding-crenation\data\raw\new\KTR-72502948\dpc\dpc-032-KTR-72502948.png,monolayer,slight rouleaux,1,1
tanzania-073026/dpc-033-KTR-72502948.png,tanzania-073026,dpc-033-KTR-72502948.png,C:\Users\owlem\Projects\fov-filtering-tool\crowding-crenation\data\raw\new\KTR-72502948\dpc\dpc-033-KTR-72502948.png,slightly dense,slight rouleaux,2,1
tanzania-073026/dpc-034-KTR-72502948.png,tanzania-073026,dpc-034-KTR-72502948.png,C:\Users\owlem\Projects\fov-filtering-tool\crowding-crenation\data\raw\new\KTR-72502948\dpc\dpc-034-KTR-72502948.png,slightly dense,no rouleaux,2,0
tanzania-073026/dpc-035-KTR-72502948.png,tanzania-073026,dpc-035-KTR-72502948.png,C:\Users\owlem\Projects\fov-filtering-tool\crowding-crenation\data\raw\new\KTR-72502948\dpc\dpc-035-KTR-72502948.png,slightly dense,slight rouleaux,2,1
tanzania-073026/dpc-036-KTR-72502948.png,tanzania-073026,dpc-036-KTR-72502948.png,C:\Users\owlem\Projects\fov-filtering-tool\crowding-crenation\data\raw\new\KTR-72502948\dpc\dpc-036-KTR-72502948.png,slightly dense,slight rouleaux,2,1
tanzania-073026/dpc-037-KTR-72502948.png,tanzania-073026,dpc-037-KTR-72502948.png,C:\Users\owlem\Projects\fov-filtering-tool\crowding-crenation\data\raw\new\KTR-72502948\dpc\dpc-037-KTR-72502948.png,monolayer,no rouleaux,1,0
tanzania-073026/dpc-038-KTR-72502948.png,tanzania-073026,dpc-038-KTR-72502948.png,C:\Users\owlem\Projects\fov-filtering-tool\crowding-crenation\data\raw\new\KTR-72502948\dpc\dpc-038-KTR-72502948.png,monolayer,no rouleaux,1,0
tanzania-073026/dpc-039-KTR-72502948.png,tanzania-073026,dpc-039-KTR-72502948.png,C:\Users\owlem\Projects\fov-filtering-tool\crowding-crenation\data\raw\new\KTR-72502948\dpc\dpc-039-KTR-72502948.png,monolayer,no rouleaux,1,0
tanzania-073026/dpc-040-KTR-72502948.png,tanzania-073026,dpc-040-KTR-72502948.png,C:\Users\owlem\Projects\fov-filtering-tool\crowding-crenation\data\raw\new\KTR-72502948\dpc\dpc-040-KTR-72502948.png,monolayer,no rouleaux,1,0
tanzania-073026/dpc-041-KTR-72502948.png,tanzania-073026,dpc-041-KTR-72502948.png,C:\Users\owlem\Projects\fov-filtering-tool\crowding-crenation\data\raw\new\KTR-72502948\dpc\dpc-041-KTR-72502948.png,monolayer,no rouleaux,1,0
tanzania-073026/dpc-042-KTR-72502948.png,tanzania-073026,dpc-042-KTR-72502948.png,C:\Users\owlem\Projects\fov-filtering-tool\crowding-crenation\data\raw\new\KTR-72502948\dpc\dpc-042-KTR-72502948.png,monolayer,no rouleaux,1,0
tanzania-073026/dpc-043-KTR-72502948.png,tanzania-073026,dpc-043-KTR-72502948.png,C:\Users\owlem\Projects\fov-filtering-tool\crowding-crenation\data\raw\new\KTR-72502948\dpc\dpc-043-KTR-72502948.png,monolayer,no rouleaux,1,0
tanzania-073026/dpc-044-KTR-72502948.png,tanzania-073026,dpc-044-KTR-72502948.png,C:\Users\owlem\Projects\fov-filtering-tool\crowding-crenation\data\raw\new\KTR-72502948\dpc\dpc-044-KTR-72502948.png,monolayer,no rouleaux,1,0
tanzania-073026/dpc-045-KTR-72502948.png,tanzania-073026,dpc-045-KTR-72502948.png,C:\Users\owlem\Projects\fov-filtering-tool\crowding-crenation\data\raw\new\KTR-72502948\dpc\dpc-045-KTR-72502948.png,monolayer,no rouleaux,1,0
tanzania-073026/dpc-046-KTR-72502948.png,tanzania-073026,dpc-046-KTR-72502948.png,C:\Users\owlem\Projects\fov-filtering-tool\crowding-crenation\data\raw\new\KTR-72502948\dpc\dpc-046-KTR-72502948.png,monolayer,no rouleaux,1,0
tanzania-073026/dpc-047-KTR-72502948.png,tanzania-073026,dpc-047-KTR-72502948.png,C:\Users\owlem\Projects\fov-filtering-tool\crowding-crenation\data\raw\new\KTR-72502948\dpc\dpc-047-KTR-72502948.png,monolayer,no rouleaux,1,0
tanzania-073026/dpc-048-KTR-72502948.png,tanzania-073026,dpc-048-KTR-72502948.png,C:\Users\owlem\Projects\fov-filtering-tool\crowding-crenation\data\raw\new\KTR-72502948\dpc\dpc-048-KTR-72502948.png,monolayer,no rouleaux,1,0
tanzania-073026/dpc-049-KTR-72502948.png,tanzania-073026,dpc-049-KTR-72502948.png,C:\Users\owlem\Projects\fov-filtering-tool\crowding-crenation\data\raw\new\KTR-72502948\dpc\dpc-049-KTR-72502948.png,monolayer,slight rouleaux,1,1
tanzania-073026/dpc-050-KTR-72502948.png,tanzania-073026,dpc-050-KTR-72502948.png,C:\Users\owlem\Projects\fov-filtering-tool\crowding-crenation\data\raw\new\KTR-72502948\dpc\dpc-050-KTR-72502948.png,monolayer,no rouleaux,1,0
tanzania-073026/dpc-051-KTR-72502948.png,tanzania-073026,dpc-051-KTR-72502948.png,C:\Users\owlem\Projects\fov-filtering-tool\crowding-crenation\data\raw\new\KTR-72502948\dpc\dpc-051-KTR-72502948.png,monolayer,slight rouleaux,1,1
tanzania-073026/dpc-052-KTR-72502948.png,tanzania-073026,dpc-052-KTR-72502948.png,C:\Users\owlem\Projects\fov-filtering-tool\crowding-crenation\data\raw\new\KTR-72502948\dpc\dpc-052-KTR-72502948.png,monolayer,slight rouleaux,1,1
tanzania-073026/dpc-053-KTR-72502948.png,tanzania-073026,dpc-053-KTR-72502948.png,C:\Users\owlem\Projects\fov-filtering-tool\crowding-crenation\data\raw\new\KTR-72502948\dpc\dpc-053-KTR-72502948.png,slightly dense,slight rouleaux,2,1
tanzania-073026/dpc-054-KTR-72502948.png,tanzania-073026,dpc-054-KTR-72502948.png,C:\Users\owlem\Projects\fov-filtering-tool\crowding-crenation\data\raw\new\KTR-72502948\dpc\dpc-054-KTR-72502948.png,slightly dense,slight rouleaux,2,1
tanzania-073026/dpc-055-KTR-72502948.png,tanzania-073026,dpc-055-KTR-72502948.png,C:\Users\owlem\Projects\fov-filtering-tool\crowding-crenation\data\raw\new\KTR-72502948\dpc\dpc-055-KTR-72502948.png,monolayer,no rouleaux,1,0
tanzania-073026/dpc-056-KTR-72502948.png,tanzania-073026,dpc-056-KTR-72502948.png,C:\Users\owlem\Projects\fov-filtering-tool\crowding-crenation\data\raw\new\KTR-72502948\dpc\dpc-056-KTR-72502948.png,monolayer,no rouleaux,1,0
tanzania-073026/dpc-057-KTR-72502948.png,tanzania-073026,dpc-057-KTR-72502948.png,C:\Users\owlem\Projects\fov-filtering-tool\crowding-crenation\data\raw\new\KTR-72502948\dpc\dpc-057-KTR-72502948.png,monolayer,no rouleaux,1,0
tanzania-073026/dpc-058-KTR-72502948.png,tanzania-073026,dpc-058-KTR-72502948.png,C:\Users\owlem\Projects\fov-filtering-tool\crowding-crenation\data\raw\new\KTR-72502948\dpc\dpc-058-KTR-72502948.png,monolayer,no rouleaux,1,0
tanzania-073026/dpc-059-KTR-72502948.png,tanzania-073026,dpc-059-KTR-72502948.png,C:\Users\owlem\Projects\fov-filtering-tool\crowding-crenation\data\raw\new\KTR-72502948\dpc\dpc-059-KTR-72502948.png,monolayer,no rouleaux,1,0
tanzania-073026/dpc-060-KTR-72502948.png,tanzania-073026,dpc-060-KTR-72502948.png,C:\Users\owlem\Projects\fov-filtering-tool\crowding-crenation\data\raw\new\KTR-72502948\dpc\dpc-060-KTR-72502948.png,monolayer,no rouleaux,1,0
tanzania-073026/dpc-061-KTR-72502948.png,tanzania-073026,dpc-061-KTR-72502948.png,C:\Users\owlem\Projects\fov-filtering-tool\crowding-crenation\data\raw\new\KTR-72502948\dpc\dpc-061-KTR-72502948.png,monolayer,no rouleaux,1,0
tanzania-073026/dpc-062-KTR-72502948.png,tanzania-073026,dpc-062-KTR-72502948.png,C:\Users\owlem\Projects\fov-filtering-tool\crowding-crenation\data\raw\new\KTR-72502948\dpc\dpc-062-KTR-72502948.png,monolayer,no rouleaux,1,0
tanzania-073026/dpc-063-KTR-72502948.png,tanzania-073026,dpc-063-KTR-72502948.png,C:\Users\owlem\Projects\fov-filtering-tool\crowding-crenation\data\raw\new\KTR-72502948\dpc\dpc-063-KTR-72502948.png,monolayer,no rouleaux,1,0
tanzania-073026/dpc-064-KTR-72502948.png,tanzania-073026,dpc-064-KTR-72502948.png,C:\Users\owlem\Projects\fov-filtering-tool\crowding-crenation\data\raw\new\KTR-72502948\dpc\dpc-064-KTR-72502948.png,monolayer,no rouleaux,1,0
tanzania-073026/dpc-065-KTR-72502948.png,tanzania-073026,dpc-065-KTR-72502948.png,C:\Users\owlem\Projects\fov-filtering-tool\crowding-crenation\data\raw\new\KTR-72502948\dpc\dpc-065-KTR-72502948.png,monolayer,no rouleaux,1,0
tanzania-073026/dpc-066-KTR-72502948.png,tanzania-073026,dpc-066-KTR-72502948.png,C:\Users\owlem\Projects\fov-filtering-tool\crowding-crenation\data\raw\new\KTR-72502948\dpc\dpc-066-KTR-72502948.png,monolayer,no rouleaux,1,0
tanzania-073026/dpc-067-KTR-72502948.png,tanzania-073026,dpc-067-KTR-72502948.png,C:\Users\owlem\Projects\fov-filtering-tool\crowding-crenation\data\raw\new\KTR-72502948\dpc\dpc-067-KTR-72502948.png,monolayer,no rouleaux,1,0
tanzania-073026/dpc-068-KTR-72502948.png,tanzania-073026,dpc-068-KTR-72502948.png,C:\Users\owlem\Projects\fov-filtering-tool\crowding-crenation\data\raw\new\KTR-72502948\dpc\dpc-068-KTR-72502948.png,monolayer,no rouleaux,1,0
tanzania-073026/dpc-069-KTR-72502948.png,tanzania-073026,dpc-069-KTR-72502948.png,C:\Users\owlem\Projects\fov-filtering-tool\crowding-crenation\data\raw\new\KTR-72502948\dpc\dpc-069-KTR-72502948.png,monolayer,no rouleaux,1,0
tanzania-073026/dpc-070-KTR-72502948.png,tanzania-073026,dpc-070-KTR-72502948.png,C:\Users\owlem\Projects\fov-filtering-tool\crowding-crenation\data\raw\new\KTR-72502948\dpc\dpc-070-KTR-72502948.png,monolayer,slight rouleaux,1,1
tanzania-073026/dpc-071-KTR-72502948.png,tanzania-073026,dpc-071-KTR-72502948.png,C:\Users\owlem\Projects\fov-filtering-tool\crowding-crenation\data\raw\new\KTR-72502948\dpc\dpc-071-KTR-72502948.png,monolayer,slight rouleaux,1,1
tanzania-073026/dpc-072-KTR-72502948.png,tanzania-073026,dpc-072-KTR-72502948.png,C:\Users\owlem\Projects\fov-filtering-tool\crowding-crenation\data\raw\new\KTR-72502948\dpc\dpc-072-KTR-72502948.png,monolayer,no rouleaux,1,0
tanzania-073026/dpc-073-KTR-72502948.png,tanzania-073026,dpc-073-KTR-72502948.png,C:\Users\owlem\Projects\fov-filtering-tool\crowding-crenation\data\raw\new\KTR-72502948\dpc\dpc-073-KTR-72502948.png,monolayer,no rouleaux,1,0
tanzania-073026/dpc-074-KTR-72502948.png,tanzania-073026,dpc-074-KTR-72502948.png,C:\Users\owlem\Projects\fov-filtering-tool\crowding-crenation\data\raw\new\KTR-72502948\dpc\dpc-074-KTR-72502948.png,monolayer,no rouleaux,1,0
tanzania-073026/dpc-075-KTR-72502948.png,tanzania-073026,dpc-075-KTR-72502948.png,C:\Users\owlem\Projects\fov-filtering-tool\crowding-crenation\data\raw\new\KTR-72502948\dpc\dpc-075-KTR-72502948.png,monolayer,no rouleaux,1,0
tanzania-073026/dpc-076-KTR-72502948.png,tanzania-073026,dpc-076-KTR-72502948.png,C:\Users\owlem\Projects\fov-filtering-tool\crowding-crenation\data\raw\new\KTR-72502948\dpc\dpc-076-KTR-72502948.png,monolayer,no rouleaux,1,0
tanzania-073026/dpc-077-KTR-72502948.png,tanzania-073026,dpc-077-KTR-72502948.png,C:\Users\owlem\Projects\fov-filtering-tool\crowding-crenation\data\raw\new\KTR-72502948\dpc\dpc-077-KTR-72502948.png,monolayer,no rouleaux,1,0
tanzania-073026/dpc-078-KTR-72502948.png,tanzania-073026,dpc-078-KTR-72502948.png,C:\Users\owlem\Projects\fov-filtering-tool\crowding-crenation\data\raw\new\KTR-72502948\dpc\dpc-078-KTR-72502948.png,monolayer,no rouleaux,1,0
tanzania-073026/dpc-079-KTR-72502948.png,tanzania-073026,dpc-079-KTR-72502948.png,C:\Users\owlem\Projects\fov-filtering-tool\crowding-crenation\data\raw\new\KTR-72502948\dpc\dpc-079-KTR-72502948.png,monolayer,no rouleaux,1,0
tanzania-073026/dpc-080-KTR-72502948.png,tanzania-073026,dpc-080-KTR-72502948.png,C:\Users\owlem\Projects\fov-filtering-tool\crowding-crenation\data\raw\new\KTR-72502948\dpc\dpc-080-KTR-72502948.png,monolayer,no rouleaux,1,0
tanzania-073026/dpc-081-KTR-72502948.png,tanzania-073026,dpc-081-KTR-72502948.png,C:\Users\owlem\Projects\fov-filtering-tool\crowding-crenation\data\raw\new\KTR-72502948\dpc\dpc-081-KTR-72502948.png,monolayer,no rouleaux,1,0
tanzania-073026/dpc-082-KTR-72502948.png,tanzania-073026,dpc-082-KTR-72502948.png,C:\Users\owlem\Projects\fov-filtering-tool\crowding-crenation\data\raw\new\KTR-72502948\dpc\dpc-082-KTR-72502948.png,monolayer,no rouleaux,1,0
tanzania-073026/dpc-083-KTR-72502948.png,tanzania-073026,dpc-083-KTR-72502948.png,C:\Users\owlem\Projects\fov-filtering-tool\crowding-crenation\data\raw\new\KTR-72502948\dpc\dpc-083-KTR-72502948.png,monolayer,no rouleaux,1,0
tanzania-073026/dpc-084-KTR-72502948.png,tanzania-073026,dpc-084-KTR-72502948.png,C:\Users\owlem\Projects\fov-filtering-tool\crowding-crenation\data\raw\new\KTR-72502948\dpc\dpc-084-KTR-72502948.png,monolayer,no rouleaux,1,0
tanzania-073026/dpc-085-KTR-72502948.png,tanzania-073026,dpc-085-KTR-72502948.png,C:\Users\owlem\Projects\fov-filtering-tool\crowding-crenation\data\raw\new\KTR-72502948\dpc\dpc-085-KTR-72502948.png,monolayer,no rouleaux,1,0
tanzania-073026/dpc-086-KTR-72502948.png,tanzania-073026,dpc-086-KTR-72502948.png,C:\Users\owlem\Projects\fov-filtering-tool\crowding-crenation\data\raw\new\KTR-72502948\dpc\dpc-086-KTR-72502948.png,monolayer,no rouleaux,1,0
tanzania-073026/dpc-087-KTR-72502948.png,tanzania-073026,dpc-087-KTR-72502948.png,C:\Users\owlem\Projects\fov-filtering-tool\crowding-crenation\data\raw\new\KTR-72502948\dpc\dpc-087-KTR-72502948.png,monolayer,no rouleaux,1,0
tanzania-073026/dpc-088-KTR-72502948.png,tanzania-073026,dpc-088-KTR-72502948.png,C:\Users\owlem\Projects\fov-filtering-tool\crowding-crenation\data\raw\new\KTR-72502948\dpc\dpc-088-KTR-72502948.png,monolayer,no rouleaux,1,0
tanzania-073026/dpc-089-KTR-72502948.png,tanzania-073026,dpc-089-KTR-72502948.png,C:\Users\owlem\Projects\fov-filtering-tool\crowding-crenation\data\raw\new\KTR-72502948\dpc\dpc-089-KTR-72502948.png,monolayer,no rouleaux,1,0
tanzania-073026/dpc-090-KTR-72502948.png,tanzania-073026,dpc-090-KTR-72502948.png,C:\Users\owlem\Projects\fov-filtering-tool\crowding-crenation\data\raw\new\KTR-72502948\dpc\dpc-090-KTR-72502948.png,monolayer,no rouleaux,1,0
tanzania-073026/dpc-091-KTR-72502948.png,tanzania-073026,dpc-091-KTR-72502948.png,C:\Users\owlem\Projects\fov-filtering-tool\crowding-crenation\data\raw\new\KTR-72502948\dpc\dpc-091-KTR-72502948.png,sparser,no rouleaux,0,0
tanzania-073026/dpc-092-KTR-72502948.png,tanzania-073026,dpc-092-KTR-72502948.png,C:\Users\owlem\Projects\fov-filtering-tool\crowding-crenation\data\raw\new\KTR-72502948\dpc\dpc-092-KTR-72502948.png,sparser,no rouleaux,0,0
tanzania-073026/dpc-093-KTR-72502948.png,tanzania-073026,dpc-093-KTR-72502948.png,C:\Users\owlem\Projects\fov-filtering-tool\crowding-crenation\data\raw\new\KTR-72502948\dpc\dpc-093-KTR-72502948.png,sparser,no rouleaux,0,0
tanzania-073026/dpc-094-KTR-72502948.png,tanzania-073026,dpc-094-KTR-72502948.png,C:\Users\owlem\Projects\fov-filtering-tool\crowding-crenation\data\raw\new\KTR-72502948\dpc\dpc-094-KTR-72502948.png,sparser,no rouleaux,0,0
tanzania-073026/dpc-095-KTR-72502948.png,tanzania-073026,dpc-095-KTR-72502948.png,C:\Users\owlem\Projects\fov-filtering-tool\crowding-crenation\data\raw\new\KTR-72502948\dpc\dpc-095-KTR-72502948.png,sparser,no rouleaux,0,0
tanzania-073026/dpc-096-KTR-72502948.png,tanzania-073026,dpc-096-KTR-72502948.png,C:\Users\owlem\Projects\fov-filtering-tool\crowding-crenation\data\raw\new\KTR-72502948\dpc\dpc-096-KTR-72502948.png,sparser,no rouleaux,0,0
tanzania-073026/dpc-097-KTR-72502948.png,tanzania-073026,dpc-097-KTR-72502948.png,C:\Users\owlem\Projects\fov-filtering-tool\crowding-crenation\data\raw\new\KTR-72502948\dpc\dpc-097-KTR-72502948.png,sparser,no rouleaux,0,0
tanzania-073026/dpc-098-KTR-72502948.png,tanzania-073026,dpc-098-KTR-72502948.png,C:\Users\owlem\Projects\fov-filtering-tool\crowding-crenation\data\raw\new\KTR-72502948\dpc\dpc-098-KTR-72502948.png,sparser,no rouleaux,0,0
tanzania-073026/dpc-099-KTR-72502948.png,tanzania-073026,dpc-099-KTR-72502948.png,C:\Users\owlem\Projects\fov-filtering-tool\crowding-crenation\data\raw\new\KTR-72502948\dpc\dpc-099-KTR-72502948.png,sparser,no rouleaux,0,0
tanzania-073026/dpc-100-KTR-72502948.png,tanzania-073026,dpc-100-KTR-72502948.png,C:\Users\owlem\Projects\fov-filtering-tool\crowding-crenation\data\raw\new\KTR-72502948\dpc\dpc-100-KTR-72502948.png,sparser,no rouleaux,0,0
tanzania-073026/dpc-101-KTR-72502948.png,tanzania-073026,dpc-101-KTR-72502948.png,C:\Users\owlem\Projects\fov-filtering-tool\crowding-crenation\data\raw\new\KTR-72502948\dpc\dpc-101-KTR-72502948.png,sparser,no rouleaux,0,0
tanzania-073026/dpc-102-KTR-72502948.png,tanzania-073026,dpc-102-KTR-72502948.png,C:\Users\owlem\Projects\fov-filtering-tool\crowding-crenation\data\raw\new\KTR-72502948\dpc\dpc-102-KTR-72502948.png,sparser,no rouleaux,0,0
tanzania-073026/dpc-103-KTR-72502948.png,tanzania-073026,dpc-103-KTR-72502948.png,C:\Users\owlem\Projects\fov-filtering-tool\crowding-crenation\data\raw\new\KTR-72502948\dpc\dpc-103-KTR-72502948.png,monolayer,no rouleaux,1,0
tanzania-073026/dpc-104-KTR-72502948.png,tanzania-073026,dpc-104-KTR-72502948.png,C:\Users\owlem\Projects\fov-filtering-tool\crowding-crenation\data\raw\new\KTR-72502948\dpc\dpc-104-KTR-72502948.png,sparser,no rouleaux,0,0
tanzania-073026/dpc-105-KTR-72502948.png,tanzania-073026,dpc-105-KTR-72502948.png,C:\Users\owlem\Projects\fov-filtering-tool\crowding-crenation\data\raw\new\KTR-72502948\dpc\dpc-105-KTR-72502948.png,monolayer,no rouleaux,1,0
tanzania-073026/dpc-106-KTR-72502948.png,tanzania-073026,dpc-106-KTR-72502948.png,C:\Users\owlem\Projects\fov-filtering-tool\crowding-crenation\data\raw\new\KTR-72502948\dpc\dpc-106-KTR-72502948.png,monolayer,slight rouleaux,1,1
tanzania-073026/dpc-107-KTR-72502948.png,tanzania-073026,dpc-107-KTR-72502948.png,C:\Users\owlem\Projects\fov-filtering-tool\crowding-crenation\data\raw\new\KTR-72502948\dpc\dpc-107-KTR-72502948.png,monolayer,no rouleaux,1,0
tanzania-073026/dpc-108-KTR-72502948.png,tanzania-073026,dpc-108-KTR-72502948.png,C:\Users\owlem\Projects\fov-filtering-tool\crowding-crenation\data\raw\new\KTR-72502948\dpc\dpc-108-KTR-72502948.png,monolayer,no rouleaux,1,0
tanzania-073026/dpc-109-KTR-72502948.png,tanzania-073026,dpc-109-KTR-72502948.png,C:\Users\owlem\Projects\fov-filtering-tool\crowding-crenation\data\raw\new\KTR-72502948\dpc\dpc-109-KTR-72502948.png,monolayer,no rouleaux,1,0
tanzania-073026/dpc-110-KTR-72502948.png,tanzania-073026,dpc-110-KTR-72502948.png,C:\Users\owlem\Projects\fov-filtering-tool\crowding-crenation\data\raw\new\KTR-72502948\dpc\dpc-110-KTR-72502948.png,slightly dense,some rouleaux,2,2
tanzania-073026/dpc-111-KTR-72502948.png,tanzania-073026,dpc-111-KTR-72502948.png,C:\Users\owlem\Projects\fov-filtering-tool\crowding-crenation\data\raw\new\KTR-72502948\dpc\dpc-111-KTR-72502948.png,sparser,no rouleaux,0,0
tanzania-073026/dpc-112-KTR-72502948.png,tanzania-073026,dpc-112-KTR-72502948.png,C:\Users\owlem\Projects\fov-filtering-tool\crowding-crenation\data\raw\new\KTR-72502948\dpc\dpc-112-KTR-72502948.png,sparser,no rouleaux,0,0
tanzania-073026/dpc-113-KTR-72502948.png,tanzania-073026,dpc-113-KTR-72502948.png,C:\Users\owlem\Projects\fov-filtering-tool\crowding-crenation\data\raw\new\KTR-72502948\dpc\dpc-113-KTR-72502948.png,sparser,no rouleaux,0,0
tanzania-073026/dpc-114-KTR-72502948.png,tanzania-073026,dpc-114-KTR-72502948.png,C:\Users\owlem\Projects\fov-filtering-tool\crowding-crenation\data\raw\new\KTR-72502948\dpc\dpc-114-KTR-72502948.png,sparser,no rouleaux,0,0
tanzania-073026/dpc-115-KTR-72502948.png,tanzania-073026,dpc-115-KTR-72502948.png,C:\Users\owlem\Projects\fov-filtering-tool\crowding-crenation\data\raw\new\KTR-72502948\dpc\dpc-115-KTR-72502948.png,sparser,no rouleaux,0,0
tanzania-073026/dpc-116-KTR-72502948.png,tanzania-073026,dpc-116-KTR-72502948.png,C:\Users\owlem\Projects\fov-filtering-tool\crowding-crenation\data\raw\new\KTR-72502948\dpc\dpc-116-KTR-72502948.png,monolayer,no rouleaux,1,0
tanzania-073026/dpc-117-KTR-72502948.png,tanzania-073026,dpc-117-KTR-72502948.png,C:\Users\owlem\Projects\fov-filtering-tool\crowding-crenation\data\raw\new\KTR-72502948\dpc\dpc-117-KTR-72502948.png,monolayer,no rouleaux,1,0
tanzania-073026/dpc-118-KTR-72502948.png,tanzania-073026,dpc-118-KTR-72502948.png,C:\Users\owlem\Projects\fov-filtering-tool\crowding-crenation\data\raw\new\KTR-72502948\dpc\dpc-118-KTR-72502948.png,sparser,no rouleaux,0,0
tanzania-073026/dpc-119-KTR-72502948.png,tanzania-073026,dpc-119-KTR-72502948.png,C:\Users\owlem\Projects\fov-filtering-tool\crowding-crenation\data\raw\new\KTR-72502948\dpc\dpc-119-KTR-72502948.png,sparser,no rouleaux,0,0
tanzania-073026/dpc-120-KTR-72502948.png,tanzania-073026,dpc-120-KTR-72502948.png,C:\Users\owlem\Projects\fov-filtering-tool\crowding-crenation\data\raw\new\KTR-72502948\dpc\dpc-120-KTR-72502948.png,sparser,no rouleaux,0,0
tanzania-073026/dpc-121-KTR-72502948.png,tanzania-073026,dpc-121-KTR-72502948.png,C:\Users\owlem\Projects\fov-filtering-tool\crowding-crenation\data\raw\new\KTR-72502948\dpc\dpc-121-KTR-72502948.png,sparser,no rouleaux,0,0
tanzania-073026/dpc-122-KTR-72502948.png,tanzania-073026,dpc-122-KTR-72502948.png,C:\Users\owlem\Projects\fov-filtering-tool\crowding-crenation\data\raw\new\KTR-72502948\dpc\dpc-122-KTR-72502948.png,sparser,no rouleaux,0,0
tanzania-073026/dpc-123-KTR-72502948.png,tanzania-073026,dpc-123-KTR-72502948.png,C:\Users\owlem\Projects\fov-filtering-tool\crowding-crenation\data\raw\new\KTR-72502948\dpc\dpc-123-KTR-72502948.png,sparser,no rouleaux,0,0
tanzania-073026/dpc-124-KTR-72502948.png,tanzania-073026,dpc-124-KTR-72502948.png,C:\Users\owlem\Projects\fov-filtering-tool\crowding-crenation\data\raw\new\KTR-72502948\dpc\dpc-124-KTR-72502948.png,monolayer,no rouleaux,1,0
tanzania-073026/dpc-125-KTR-72502948.png,tanzania-073026,dpc-125-KTR-72502948.png,C:\Users\owlem\Projects\fov-filtering-tool\crowding-crenation\data\raw\new\KTR-72502948\dpc\dpc-125-KTR-72502948.png,monolayer,no rouleaux,1,0
tanzania-073026/dpc-126-KTR-72502948.png,tanzania-073026,dpc-126-KTR-72502948.png,C:\Users\owlem\Projects\fov-filtering-tool\crowding-crenation\data\raw\new\KTR-72502948\dpc\dpc-126-KTR-72502948.png,monolayer,no rouleaux,1,0
tanzania-073026/dpc-127-KTR-72502948.png,tanzania-073026,dpc-127-KTR-72502948.png,C:\Users\owlem\Projects\fov-filtering-tool\crowding-crenation\data\raw\new\KTR-72502948\dpc\dpc-127-KTR-72502948.png,monolayer,no rouleaux,1,0
tanzania-073026/dpc-128-KTR-72502948.png,tanzania-073026,dpc-128-KTR-72502948.png,C:\Users\owlem\Projects\fov-filtering-tool\crowding-crenation\data\raw\new\KTR-72502948\dpc\dpc-128-KTR-72502948.png,monolayer,no rouleaux,1,0
tanzania-073026/dpc-129-KTR-72502948.png,tanzania-073026,dpc-129-KTR-72502948.png,C:\Users\owlem\Projects\fov-filtering-tool\crowding-crenation\data\raw\new\KTR-72502948\dpc\dpc-129-KTR-72502948.png,monolayer,no rouleaux,1,0
tanzania-073026/dpc-130-KTR-72502948.png,tanzania-073026,dpc-130-KTR-72502948.png,C:\Users\owlem\Projects\fov-filtering-tool\crowding-crenation\data\raw\new\KTR-72502948\dpc\dpc-130-KTR-72502948.png,monolayer,no rouleaux,1,0
tanzania-073026/dpc-131-KTR-72502948.png,tanzania-073026,dpc-131-KTR-72502948.png,C:\Users\owlem\Projects\fov-filtering-tool\crowding-crenation\data\raw\new\KTR-72502948\dpc\dpc-131-KTR-72502948.png,monolayer,no rouleaux,1,0
tanzania-073026/dpc-132-KTR-72502948.png,tanzania-073026,dpc-132-KTR-72502948.png,C:\Users\owlem\Projects\fov-filtering-tool\crowding-crenation\data\raw\new\KTR-72502948\dpc\dpc-132-KTR-72502948.png,monolayer,no rouleaux,1,0
tanzania-073026/dpc-133-KTR-72502948.png,tanzania-073026,dpc-133-KTR-72502948.png,C:\Users\owlem\Projects\fov-filtering-tool\crowding-crenation\data\raw\new\KTR-72502948\dpc\dpc-133-KTR-72502948.png,sparser,some rouleaux,0,2
tanzania-073026/dpc-134-KTR-72502948.png,tanzania-073026,dpc-134-KTR-72502948.png,C:\Users\owlem\Projects\fov-filtering-tool\crowding-crenation\data\raw\new\KTR-72502948\dpc\dpc-134-KTR-72502948.png,sparser,no rouleaux,0,0
tanzania-073026/dpc-135-KTR-72502948.png,tanzania-073026,dpc-135-KTR-72502948.png,C:\Users\owlem\Projects\fov-filtering-tool\crowding-crenation\data\raw\new\KTR-72502948\dpc\dpc-135-KTR-72502948.png,sparser,no rouleaux,0,0
tanzania-073026/dpc-136-KTR-72502948.png,tanzania-073026,dpc-136-KTR-72502948.png,C:\Users\owlem\Projects\fov-filtering-tool\crowding-crenation\data\raw\new\KTR-72502948\dpc\dpc-136-KTR-72502948.png,sparser,no rouleaux,0,0
tanzania-073026/dpc-137-KTR-72502948.png,tanzania-073026,dpc-137-KTR-72502948.png,C:\Users\owlem\Projects\fov-filtering-tool\crowding-crenation\data\raw\new\KTR-72502948\dpc\dpc-137-KTR-72502948.png,sparser,no rouleaux,0,0
tanzania-073026/dpc-138-KTR-72502948.png,tanzania-073026,dpc-138-KTR-72502948.png,C:\Users\owlem\Projects\fov-filtering-tool\crowding-crenation\data\raw\new\KTR-72502948\dpc\dpc-138-KTR-72502948.png,sparser,no rouleaux,0,0
tanzania-073026/dpc-139-KTR-72502948.png,tanzania-073026,dpc-139-KTR-72502948.png,C:\Users\owlem\Projects\fov-filtering-tool\crowding-crenation\data\raw\new\KTR-72502948\dpc\dpc-139-KTR-72502948.png,sparser,no rouleaux,0,0
tanzania-073026/dpc-140-KTR-72502948.png,tanzania-073026,dpc-140-KTR-72502948.png,C:\Users\owlem\Projects\fov-filtering-tool\crowding-crenation\data\raw\new\KTR-72502948\dpc\dpc-140-KTR-72502948.png,sparser,no rouleaux,0,0
tanzania-073026/dpc-141-KTR-72502948.png,tanzania-073026,dpc-141-KTR-72502948.png,C:\Users\owlem\Projects\fov-filtering-tool\crowding-crenation\data\raw\new\KTR-72502948\dpc\dpc-141-KTR-72502948.png,sparser,no rouleaux,0,0
tanzania-073026/dpc-142-KTR-72502948.png,tanzania-073026,dpc-142-KTR-72502948.png,C:\Users\owlem\Projects\fov-filtering-tool\crowding-crenation\data\raw\new\KTR-72502948\dpc\dpc-142-KTR-72502948.png,sparser,no rouleaux,0,0
tanzania-073026/dpc-143-KTR-72502948.png,tanzania-073026,dpc-143-KTR-72502948.png,C:\Users\owlem\Projects\fov-filtering-tool\crowding-crenation\data\raw\new\KTR-72502948\dpc\dpc-143-KTR-72502948.png,sparser,no rouleaux,0,0
tanzania-073026/dpc-144-KTR-72502948.png,tanzania-073026,dpc-144-KTR-72502948.png,C:\Users\owlem\Projects\fov-filtering-tool\crowding-crenation\data\raw\new\KTR-72502948\dpc\dpc-144-KTR-72502948.png,sparser,no rouleaux,0,0
tanzania-073026/dpc-145-KTR-72502948.png,tanzania-073026,dpc-145-KTR-72502948.png,C:\Users\owlem\Projects\fov-filtering-tool\crowding-crenation\data\raw\new\KTR-72502948\dpc\dpc-145-KTR-72502948.png,monolayer,no rouleaux,1,0
tanzania-073026/dpc-146-KTR-72502948.png,tanzania-073026,dpc-146-KTR-72502948.png,C:\Users\owlem\Projects\fov-filtering-tool\crowding-crenation\data\raw\new\KTR-72502948\dpc\dpc-146-KTR-72502948.png,monolayer,no rouleaux,1,0
tanzania-073026/dpc-147-KTR-72502948.png,tanzania-073026,dpc-147-KTR-72502948.png,C:\Users\owlem\Projects\fov-filtering-tool\crowding-crenation\data\raw\new\KTR-72502948\dpc\dpc-147-KTR-72502948.png,monolayer,no rouleaux,1,0
tanzania-073026/dpc-148-KTR-72502948.png,tanzania-073026,dpc-148-KTR-72502948.png,C:\Users\owlem\Projects\fov-filtering-tool\crowding-crenation\data\raw\new\KTR-72502948\dpc\dpc-148-KTR-72502948.png,monolayer,no rouleaux,1,0
tanzania-073026/dpc-149-KTR-72502948.png,tanzania-073026,dpc-149-KTR-72502948.png,C:\Users\owlem\Projects\fov-filtering-tool\crowding-crenation\data\raw\new\KTR-72502948\dpc\dpc-149-KTR-72502948.png,monolayer,no rouleaux,1,0
tanzania-073026/dpc-150-KTR-72502948.png,tanzania-073026,dpc-150-KTR-72502948.png,C:\Users\owlem\Projects\fov-filtering-tool\crowding-crenation\data\raw\new\KTR-72502948\dpc\dpc-150-KTR-72502948.png,monolayer,no rouleaux,1,0
tanzania-073026/dpc-151-KTR-72502948.png,tanzania-073026,dpc-151-KTR-72502948.png,C:\Users\owlem\Projects\fov-filtering-tool\crowding-crenation\data\raw\new\KTR-72502948\dpc\dpc-151-KTR-72502948.png,monolayer,no rouleaux,1,0
tanzania-073026/dpc-152-KTR-72502948.png,tanzania-073026,dpc-152-KTR-72502948.png,C:\Users\owlem\Projects\fov-filtering-tool\crowding-crenation\data\raw\new\KTR-72502948\dpc\dpc-152-KTR-72502948.png,monolayer,no rouleaux,1,0
tanzania-073026/dpc-153-KTR-72502948.png,tanzania-073026,dpc-153-KTR-72502948.png,C:\Users\owlem\Projects\fov-filtering-tool\crowding-crenation\data\raw\new\KTR-72502948\dpc\dpc-153-KTR-72502948.png,monolayer,no rouleaux,1,0
tanzania-073026/dpc-154-KTR-72502948.png,tanzania-073026,dpc-154-KTR-72502948.png,C:\Users\owlem\Projects\fov-filtering-tool\crowding-crenation\data\raw\new\KTR-72502948\dpc\dpc-154-KTR-72502948.png,monolayer,no rouleaux,1,0
tanzania-073026/dpc-155-KTR-72502948.png,tanzania-073026,dpc-155-KTR-72502948.png,C:\Users\owlem\Projects\fov-filtering-tool\crowding-crenation\data\raw\new\KTR-72502948\dpc\dpc-155-KTR-72502948.png,monolayer,no rouleaux,1,0
tanzania-073026/dpc-156-KTR-72502948.png,tanzania-073026,dpc-156-KTR-72502948.png,C:\Users\owlem\Projects\fov-filtering-tool\crowding-crenation\data\raw\new\KTR-72502948\dpc\dpc-156-KTR-72502948.png,slightly dense,slight rouleaux,2,1
tanzania-073026/dpc-157-KTR-72502948.png,tanzania-073026,dpc-157-KTR-72502948.png,C:\Users\owlem\Projects\fov-filtering-tool\crowding-crenation\data\raw\new\KTR-72502948\dpc\dpc-157-KTR-72502948.png,sparser,no rouleaux,0,0
tanzania-073026/dpc-158-KTR-72502948.png,tanzania-073026,dpc-158-KTR-72502948.png,C:\Users\owlem\Projects\fov-filtering-tool\crowding-crenation\data\raw\new\KTR-72502948\dpc\dpc-158-KTR-72502948.png,sparser,no rouleaux,0,0
tanzania-073026/dpc-159-KTR-72502948.png,tanzania-073026,dpc-159-KTR-72502948.png,C:\Users\owlem\Projects\fov-filtering-tool\crowding-crenation\data\raw\new\KTR-72502948\dpc\dpc-159-KTR-72502948.png,sparser,no rouleaux,0,0
tanzania-073026/dpc-160-KTR-72502948.png,tanzania-073026,dpc-160-KTR-72502948.png,C:\Users\owlem\Projects\fov-filtering-tool\crowding-crenation\data\raw\new\KTR-72502948\dpc\dpc-160-KTR-72502948.png,sparser,no rouleaux,0,0
tanzania-073026/dpc-161-KTR-72502948.png,tanzania-073026,dpc-161-KTR-72502948.png,C:\Users\owlem\Projects\fov-filtering-tool\crowding-crenation\data\raw\new\KTR-72502948\dpc\dpc-161-KTR-72502948.png,sparser,no rouleaux,0,0
tanzania-073026/dpc-162-KTR-72502948.png,tanzania-073026,dpc-162-KTR-72502948.png,C:\Users\owlem\Projects\fov-filtering-tool\crowding-crenation\data\raw\new\KTR-72502948\dpc\dpc-162-KTR-72502948.png,sparser,no rouleaux,0,0
tanzania-073026/dpc-163-KTR-72502948.png,tanzania-073026,dpc-163-KTR-72502948.png,C:\Users\owlem\Projects\fov-filtering-tool\crowding-crenation\data\raw\new\KTR-72502948\dpc\dpc-163-KTR-72502948.png,monolayer,slight rouleaux,1,1
tanzania-073026/dpc-164-KTR-72502948.png,tanzania-073026,dpc-164-KTR-72502948.png,C:\Users\owlem\Projects\fov-filtering-tool\crowding-crenation\data\raw\new\KTR-72502948\dpc\dpc-164-KTR-72502948.png,monolayer,no rouleaux,1,0
tanzania-073026/dpc-165-KTR-72502948.png,tanzania-073026,dpc-165-KTR-72502948.png,C:\Users\owlem\Projects\fov-filtering-tool\crowding-crenation\data\raw\new\KTR-72502948\dpc\dpc-165-KTR-72502948.png,monolayer,slight rouleaux,1,1
tanzania-073026/dpc-166-KTR-72502948.png,tanzania-073026,dpc-166-KTR-72502948.png,C:\Users\owlem\Projects\fov-filtering-tool\crowding-crenation\data\raw\new\KTR-72502948\dpc\dpc-166-KTR-72502948.png,sparser,slight rouleaux,0,1
tanzania-073026/dpc-167-KTR-72502948.png,tanzania-073026,dpc-167-KTR-72502948.png,C:\Users\owlem\Projects\fov-filtering-tool\crowding-crenation\data\raw\new\KTR-72502948\dpc\dpc-167-KTR-72502948.png,monolayer,no rouleaux,1,0
tanzania-073026/dpc-168-KTR-72502948.png,tanzania-073026,dpc-168-KTR-72502948.png,C:\Users\owlem\Projects\fov-filtering-tool\crowding-crenation\data\raw\new\KTR-72502948\dpc\dpc-168-KTR-72502948.png,monolayer,slight rouleaux,1,1
tanzania-073026/dpc-169-KTR-72502948.png,tanzania-073026,dpc-169-KTR-72502948.png,C:\Users\owlem\Projects\fov-filtering-tool\crowding-crenation\data\raw\new\KTR-72502948\dpc\dpc-169-KTR-72502948.png,monolayer,slight rouleaux,1,1
tanzania-073026/dpc-170-KTR-72502948.png,tanzania-073026,dpc-170-KTR-72502948.png,C:\Users\owlem\Projects\fov-filtering-tool\crowding-crenation\data\raw\new\KTR-72502948\dpc\dpc-170-KTR-72502948.png,monolayer,slight rouleaux,1,1
tanzania-073026/dpc-171-KTR-72502948.png,tanzania-073026,dpc-171-KTR-72502948.png,C:\Users\owlem\Projects\fov-filtering-tool\crowding-crenation\data\raw\new\KTR-72502948\dpc\dpc-171-KTR-72502948.png,monolayer,no rouleaux,1,0
tanzania-073026/dpc-172-KTR-72502948.png,tanzania-073026,dpc-172-KTR-72502948.png,C:\Users\owlem\Projects\fov-filtering-tool\crowding-crenation\data\raw\new\KTR-72502948\dpc\dpc-172-KTR-72502948.png,monolayer,no rouleaux,1,0
tanzania-073026/dpc-173-KTR-72502948.png,tanzania-073026,dpc-173-KTR-72502948.png,C:\Users\owlem\Projects\fov-filtering-tool\crowding-crenation\data\raw\new\KTR-72502948\dpc\dpc-173-KTR-72502948.png,monolayer,no rouleaux,1,0
tanzania-073026/dpc-174-KTR-72502948.png,tanzania-073026,dpc-174-KTR-72502948.png,C:\Users\owlem\Projects\fov-filtering-tool\crowding-crenation\data\raw\new\KTR-72502948\dpc\dpc-174-KTR-72502948.png,monolayer,no rouleaux,1,0
tanzania-073026/dpc-175-KTR-72502948.png,tanzania-073026,dpc-175-KTR-72502948.png,C:\Users\owlem\Projects\fov-filtering-tool\crowding-crenation\data\raw\new\KTR-72502948\dpc\dpc-175-KTR-72502948.png,sparser,no rouleaux,0,0
tanzania-073026/dpc-176-KTR-72502948.png,tanzania-073026,dpc-176-KTR-72502948.png,C:\Users\owlem\Projects\fov-filtering-tool\crowding-crenation\data\raw\new\KTR-72502948\dpc\dpc-176-KTR-72502948.png,monolayer,no rouleaux,1,0
tanzania-073026/dpc-177-KTR-72502948.png,tanzania-073026,dpc-177-KTR-72502948.png,C:\Users\owlem\Projects\fov-filtering-tool\crowding-crenation\data\raw\new\KTR-72502948\dpc\dpc-177-KTR-72502948.png,monolayer,no rouleaux,1,0
tanzania-073026/dpc-178-KTR-72502948.png,tanzania-073026,dpc-178-KTR-72502948.png,C:\Users\owlem\Projects\fov-filtering-tool\crowding-crenation\data\raw\new\KTR-72502948\dpc\dpc-178-KTR-72502948.png,monolayer,no rouleaux,1,0
tanzania-073026/dpc-179-KTR-72502948.png,tanzania-073026,dpc-179-KTR-72502948.png,C:\Users\owlem\Projects\fov-filtering-tool\crowding-crenation\data\raw\new\KTR-72502948\dpc\dpc-179-KTR-72502948.png,monolayer,slight rouleaux,1,1
tanzania-073026/dpc-180-KTR-72502948.png,tanzania-073026,dpc-180-KTR-72502948.png,C:\Users\owlem\Projects\fov-filtering-tool\crowding-crenation\data\raw\new\KTR-72502948\dpc\dpc-180-KTR-72502948.png,monolayer,no rouleaux,1,0
tanzania-073026/dpc-181-KTR-72502948.png,tanzania-073026,dpc-181-KTR-72502948.png,C:\Users\owlem\Projects\fov-filtering-tool\crowding-crenation\data\raw\new\KTR-72502948\dpc\dpc-181-KTR-72502948.png,dense,rouleaux,3,3
tanzania-073026/dpc-182-KTR-72502948.png,tanzania-073026,dpc-182-KTR-72502948.png,C:\Users\owlem\Projects\fov-filtering-tool\crowding-crenation\data\raw\new\KTR-72502948\dpc\dpc-182-KTR-72502948.png,slightly dense,some rouleaux,2,2
tanzania-073026/dpc-183-KTR-72502948.png,tanzania-073026,dpc-183-KTR-72502948.png,C:\Users\owlem\Projects\fov-filtering-tool\crowding-crenation\data\raw\new\KTR-72502948\dpc\dpc-183-KTR-72502948.png,slightly dense,some rouleaux,2,2
tanzania-073026/dpc-184-KTR-72502948.png,tanzania-073026,dpc-184-KTR-72502948.png,C:\Users\owlem\Projects\fov-filtering-tool\crowding-crenation\data\raw\new\KTR-72502948\dpc\dpc-184-KTR-72502948.png,slightly dense,some rouleaux,2,2
tanzania-073026/dpc-185-KTR-72502948.png,tanzania-073026,dpc-185-KTR-72502948.png,C:\Users\owlem\Projects\fov-filtering-tool\crowding-crenation\data\raw\new\KTR-72502948\dpc\dpc-185-KTR-72502948.png,slightly dense,some rouleaux,2,2
tanzania-073026/dpc-186-KTR-72502948.png,tanzania-073026,dpc-186-KTR-72502948.png,C:\Users\owlem\Projects\fov-filtering-tool\crowding-crenation\data\raw\new\KTR-72502948\dpc\dpc-186-KTR-72502948.png,slightly dense,some rouleaux,2,2
tanzania-073026/dpc-187-KTR-72502948.png,tanzania-073026,dpc-187-KTR-72502948.png,C:\Users\owlem\Projects\fov-filtering-tool\crowding-crenation\data\raw\new\KTR-72502948\dpc\dpc-187-KTR-72502948.png,slightly dense,some rouleaux,2,2
tanzania-073026/dpc-188-KTR-72502948.png,tanzania-073026,dpc-188-KTR-72502948.png,C:\Users\owlem\Projects\fov-filtering-tool\crowding-crenation\data\raw\new\KTR-72502948\dpc\dpc-188-KTR-72502948.png,slightly dense,slight rouleaux,2,1
tanzania-073026/dpc-189-KTR-72502948.png,tanzania-073026,dpc-189-KTR-72502948.png,C:\Users\owlem\Projects\fov-filtering-tool\crowding-crenation\data\raw\new\KTR-72502948\dpc\dpc-189-KTR-72502948.png,slightly dense,slight rouleaux,2,1
tanzania-073026/dpc-190-KTR-72502948.png,tanzania-073026,dpc-190-KTR-72502948.png,C:\Users\owlem\Projects\fov-filtering-tool\crowding-crenation\data\raw\new\KTR-72502948\dpc\dpc-190-KTR-72502948.png,slightly dense,slight rouleaux,2,1
tanzania-073026/dpc-191-KTR-72502948.png,tanzania-073026,dpc-191-KTR-72502948.png,C:\Users\owlem\Projects\fov-filtering-tool\crowding-crenation\data\raw\new\KTR-72502948\dpc\dpc-191-KTR-72502948.png,slightly dense,slight rouleaux,2,1
tanzania-073026/dpc-192-KTR-72502948.png,tanzania-073026,dpc-192-KTR-72502948.png,C:\Users\owlem\Projects\fov-filtering-tool\crowding-crenation\data\raw\new\KTR-72502948\dpc\dpc-192-KTR-72502948.png,slightly dense,some rouleaux,2,2
tanzania-073026/dpc-193-KTR-72502948.png,tanzania-073026,dpc-193-KTR-72502948.png,C:\Users\owlem\Projects\fov-filtering-tool\crowding-crenation\data\raw\new\KTR-72502948\dpc\dpc-193-KTR-72502948.png,monolayer,slight rouleaux,1,1
tanzania-073026/dpc-194-KTR-72502948.png,tanzania-073026,dpc-194-KTR-72502948.png,C:\Users\owlem\Projects\fov-filtering-tool\crowding-crenation\data\raw\new\KTR-72502948\dpc\dpc-194-KTR-72502948.png,monolayer,slight rouleaux,1,1
tanzania-073026/dpc-195-KTR-72502948.png,tanzania-073026,dpc-195-KTR-72502948.png,C:\Users\owlem\Projects\fov-filtering-tool\crowding-crenation\data\raw\new\KTR-72502948\dpc\dpc-195-KTR-72502948.png,monolayer,some rouleaux,1,2
tanzania-073026/dpc-196-KTR-72502948.png,tanzania-073026,dpc-196-KTR-72502948.png,C:\Users\owlem\Projects\fov-filtering-tool\crowding-crenation\data\raw\new\KTR-72502948\dpc\dpc-196-KTR-72502948.png,slightly dense,slight rouleaux,2,1
tanzania-073026/dpc-197-KTR-72502948.png,tanzania-073026,dpc-197-KTR-72502948.png,C:\Users\owlem\Projects\fov-filtering-tool\crowding-crenation\data\raw\new\KTR-72502948\dpc\dpc-197-KTR-72502948.png,monolayer,slight rouleaux,1,1
tanzania-073026/dpc-198-KTR-72502948.png,tanzania-073026,dpc-198-KTR-72502948.png,C:\Users\owlem\Projects\fov-filtering-tool\crowding-crenation\data\raw\new\KTR-72502948\dpc\dpc-198-KTR-72502948.png,monolayer,slight rouleaux,1,1
tanzania-073026/dpc-199-KTR-72502948.png,tanzania-073026,dpc-199-KTR-72502948.png,C:\Users\owlem\Projects\fov-filtering-tool\crowding-crenation\data\raw\new\KTR-72502948\dpc\dpc-199-KTR-72502948.png,dense,rouleaux,3,3
tanzania-073026/dpc-200-KTR-72502948.png,tanzania-073026,dpc-200-KTR-72502948.png,C:\Users\owlem\Projects\fov-filtering-tool\crowding-crenation\data\raw\new\KTR-72502948\dpc\dpc-200-KTR-72502948.png,dense,rouleaux,3,3
tanzania-073026/dpc-201-KTR-72502948.png,tanzania-073026,dpc-201-KTR-72502948.png,C:\Users\owlem\Projects\fov-filtering-tool\crowding-crenation\data\raw\new\KTR-72502948\dpc\dpc-201-KTR-72502948.png,dense,rouleaux,3,3
tanzania-073026/dpc-202-KTR-72502948.png,tanzania-073026,dpc-202-KTR-72502948.png,C:\Users\owlem\Projects\fov-filtering-tool\crowding-crenation\data\raw\new\KTR-72502948\dpc\dpc-202-KTR-72502948.png,dense,rouleaux,3,3
tanzania-073026/dpc-203-KTR-72502948.png,tanzania-073026,dpc-203-KTR-72502948.png,C:\Users\owlem\Projects\fov-filtering-tool\crowding-crenation\data\raw\new\KTR-72502948\dpc\dpc-203-KTR-72502948.png,very dense,no rouleaux,4,0
tanzania-073026/dpc-204-KTR-72502948.png,tanzania-073026,dpc-204-KTR-72502948.png,C:\Users\owlem\Projects\fov-filtering-tool\crowding-crenation\data\raw\new\KTR-72502948\dpc\dpc-204-KTR-72502948.png,very dense,heavy rouleaux,4,4
tanzania-073026/dpc-205-KTR-72502948.png,tanzania-073026,dpc-205-KTR-72502948.png,C:\Users\owlem\Projects\fov-filtering-tool\crowding-crenation\data\raw\new\KTR-72502948\dpc\dpc-205-KTR-72502948.png,very dense,heavy rouleaux,4,4
tanzania-073026/dpc-206-KTR-72502948.png,tanzania-073026,dpc-206-KTR-72502948.png,C:\Users\owlem\Projects\fov-filtering-tool\crowding-crenation\data\raw\new\KTR-72502948\dpc\dpc-206-KTR-72502948.png,very dense,heavy rouleaux,4,4
tanzania-073026/dpc-207-KTR-72502948.png,tanzania-073026,dpc-207-KTR-72502948.png,C:\Users\owlem\Projects\fov-filtering-tool\crowding-crenation\data\raw\new\KTR-72502948\dpc\dpc-207-KTR-72502948.png,very dense,heavy rouleaux,4,4
tanzania-073026/dpc-208-KTR-72502948.png,tanzania-073026,dpc-208-KTR-72502948.png,C:\Users\owlem\Projects\fov-filtering-tool\crowding-crenation\data\raw\new\KTR-72502948\dpc\dpc-208-KTR-72502948.png,dense,rouleaux,3,3
tanzania-073026/dpc-209-KTR-72502948.png,tanzania-073026,dpc-209-KTR-72502948.png,C:\Users\owlem\Projects\fov-filtering-tool\crowding-crenation\data\raw\new\KTR-72502948\dpc\dpc-209-KTR-72502948.png,dense,rouleaux,3,3
tanzania-073026/dpc-210-KTR-72502948.png,tanzania-073026,dpc-210-KTR-72502948.png,C:\Users\owlem\Projects\fov-filtering-tool\crowding-crenation\data\raw\new\KTR-72502948\dpc\dpc-210-KTR-72502948.png,very dense,heavy rouleaux,4,4
tanzania-073026/dpc-211-KTR-72502948.png,tanzania-073026,dpc-211-KTR-72502948.png,C:\Users\owlem\Projects\fov-filtering-tool\crowding-crenation\data\raw\new\KTR-72502948\dpc\dpc-211-KTR-72502948.png,very dense,heavy rouleaux,4,4
tanzania-073026/dpc-212-KTR-72502948.png,tanzania-073026,dpc-212-KTR-72502948.png,C:\Users\owlem\Projects\fov-filtering-tool\crowding-crenation\data\raw\new\KTR-72502948\dpc\dpc-212-KTR-72502948.png,dense,rouleaux,3,3
tanzania-073026/dpc-213-KTR-72502948.png,tanzania-073026,dpc-213-KTR-72502948.png,C:\Users\owlem\Projects\fov-filtering-tool\crowding-crenation\data\raw\new\KTR-72502948\dpc\dpc-213-KTR-72502948.png,very dense,heavy rouleaux,4,4
tanzania-073026/dpc-214-KTR-72502948.png,tanzania-073026,dpc-214-KTR-72502948.png,C:\Users\owlem\Projects\fov-filtering-tool\crowding-crenation\data\raw\new\KTR-72502948\dpc\dpc-214-KTR-72502948.png,very dense,heavy rouleaux,4,4
tanzania-073026/dpc-215-KTR-72502948.png,tanzania-073026,dpc-215-KTR-72502948.png,C:\Users\owlem\Projects\fov-filtering-tool\crowding-crenation\data\raw\new\KTR-72502948\dpc\dpc-215-KTR-72502948.png,very dense,heavy rouleaux,4,4
tanzania-073026/dpc-216-KTR-72502948.png,tanzania-073026,dpc-216-KTR-72502948.png,C:\Users\owlem\Projects\fov-filtering-tool\crowding-crenation\data\raw\new\KTR-72502948\dpc\dpc-216-KTR-72502948.png,very dense,heavy rouleaux,4,4
tanzania-073026/dpc-217-KTR-72502948.png,tanzania-073026,dpc-217-KTR-72502948.png,C:\Users\owlem\Projects\fov-filtering-tool\crowding-crenation\data\raw\new\KTR-72502948\dpc\dpc-217-KTR-72502948.png,monolayer,no rouleaux,1,0
tanzania-073026/dpc-218-KTR-72502948.png,tanzania-073026,dpc-218-KTR-72502948.png,C:\Users\owlem\Projects\fov-filtering-tool\crowding-crenation\data\raw\new\KTR-72502948\dpc\dpc-218-KTR-72502948.png,monolayer,no rouleaux,1,0
tanzania-073026/dpc-219-KTR-72502948.png,tanzania-073026,dpc-219-KTR-72502948.png,C:\Users\owlem\Projects\fov-filtering-tool\crowding-crenation\data\raw\new\KTR-72502948\dpc\dpc-219-KTR-72502948.png,monolayer,no rouleaux,1,0
tanzania-073026/dpc-220-KTR-72502948.png,tanzania-073026,dpc-220-KTR-72502948.png,C:\Users\owlem\Projects\fov-filtering-tool\crowding-crenation\data\raw\new\KTR-72502948\dpc\dpc-220-KTR-72502948.png,monolayer,no rouleaux,1,0
tanzania-073026/dpc-221-KTR-72502948.png,tanzania-073026,dpc-221-KTR-72502948.png,C:\Users\owlem\Projects\fov-filtering-tool\crowding-crenation\data\raw\new\KTR-72502948\dpc\dpc-221-KTR-72502948.png,monolayer,no rouleaux,1,0
tanzania-073026/dpc-222-KTR-72502948.png,tanzania-073026,dpc-222-KTR-72502948.png,C:\Users\owlem\Projects\fov-filtering-tool\crowding-crenation\data\raw\new\KTR-72502948\dpc\dpc-222-KTR-72502948.png,monolayer,no rouleaux,1,0
tanzania-073026/dpc-223-KTR-72502948.png,tanzania-073026,dpc-223-KTR-72502948.png,C:\Users\owlem\Projects\fov-filtering-tool\crowding-crenation\data\raw\new\KTR-72502948\dpc\dpc-223-KTR-72502948.png,monolayer,no rouleaux,1,0
tanzania-073026/dpc-224-KTR-72502948.png,tanzania-073026,dpc-224-KTR-72502948.png,C:\Users\owlem\Projects\fov-filtering-tool\crowding-crenation\data\raw\new\KTR-72502948\dpc\dpc-224-KTR-72502948.png,monolayer,no rouleaux,1,0
tanzania-073026/dpc-225-KTR-72502948.png,tanzania-073026,dpc-225-KTR-72502948.png,C:\Users\owlem\Projects\fov-filtering-tool\crowding-crenation\data\raw\new\KTR-72502948\dpc\dpc-225-KTR-72502948.png,monolayer,no rouleaux,1,0
tanzania-073026/dpc-226-KTR-72502948.png,tanzania-073026,dpc-226-KTR-72502948.png,C:\Users\owlem\Projects\fov-filtering-tool\crowding-crenation\data\raw\new\KTR-72502948\dpc\dpc-226-KTR-72502948.png,monolayer,slight rouleaux,1,1
tanzania-073026/dpc-227-KTR-72502948.png,tanzania-073026,dpc-227-KTR-72502948.png,C:\Users\owlem\Projects\fov-filtering-tool\crowding-crenation\data\raw\new\KTR-72502948\dpc\dpc-227-KTR-72502948.png,monolayer,no rouleaux,1,0
tanzania-073026/dpc-228-KTR-72502948.png,tanzania-073026,dpc-228-KTR-72502948.png,C:\Users\owlem\Projects\fov-filtering-tool\crowding-crenation\data\raw\new\KTR-72502948\dpc\dpc-228-KTR-72502948.png,slightly dense,slight rouleaux,2,1
tanzania-073026/dpc-229-KTR-72502948.png,tanzania-073026,dpc-229-KTR-72502948.png,C:\Users\owlem\Projects\fov-filtering-tool\crowding-crenation\data\raw\new\KTR-72502948\dpc\dpc-229-KTR-72502948.png,slightly dense,slight rouleaux,2,1
tanzania-073026/dpc-230-KTR-72502948.png,tanzania-073026,dpc-230-KTR-72502948.png,C:\Users\owlem\Projects\fov-filtering-tool\crowding-crenation\data\raw\new\KTR-72502948\dpc\dpc-230-KTR-72502948.png,slightly dense,slight rouleaux,2,1
tanzania-073026/dpc-231-KTR-72502948.png,tanzania-073026,dpc-231-KTR-72502948.png,C:\Users\owlem\Projects\fov-filtering-tool\crowding-crenation\data\raw\new\KTR-72502948\dpc\dpc-231-KTR-72502948.png,slightly dense,slight rouleaux,2,1
tanzania-073026/dpc-232-KTR-72502948.png,tanzania-073026,dpc-232-KTR-72502948.png,C:\Users\owlem\Projects\fov-filtering-tool\crowding-crenation\data\raw\new\KTR-72502948\dpc\dpc-232-KTR-72502948.png,slightly dense,slight rouleaux,2,1
tanzania-073026/dpc-233-KTR-72502948.png,tanzania-073026,dpc-233-KTR-72502948.png,C:\Users\owlem\Projects\fov-filtering-tool\crowding-crenation\data\raw\new\KTR-72502948\dpc\dpc-233-KTR-72502948.png,dense,some rouleaux,3,2
tanzania-073026/dpc-234-KTR-72502948.png,tanzania-073026,dpc-234-KTR-72502948.png,C:\Users\owlem\Projects\fov-filtering-tool\crowding-crenation\data\raw\new\KTR-72502948\dpc\dpc-234-KTR-72502948.png,slightly dense,some rouleaux,2,2
tanzania-073026/dpc-235-KTR-72502948.png,tanzania-073026,dpc-235-KTR-72502948.png,C:\Users\owlem\Projects\fov-filtering-tool\crowding-crenation\data\raw\new\KTR-72502948\dpc\dpc-235-KTR-72502948.png,monolayer,no rouleaux,1,0
tanzania-073026/dpc-236-KTR-72502948.png,tanzania-073026,dpc-236-KTR-72502948.png,C:\Users\owlem\Projects\fov-filtering-tool\crowding-crenation\data\raw\new\KTR-72502948\dpc\dpc-236-KTR-72502948.png,monolayer,no rouleaux,1,0
tanzania-073026/dpc-237-KTR-72502948.png,tanzania-073026,dpc-237-KTR-72502948.png,C:\Users\owlem\Projects\fov-filtering-tool\crowding-crenation\data\raw\new\KTR-72502948\dpc\dpc-237-KTR-72502948.png,monolayer,no rouleaux,1,0
tanzania-073026/dpc-238-KTR-72502948.png,tanzania-073026,dpc-238-KTR-72502948.png,C:\Users\owlem\Projects\fov-filtering-tool\crowding-crenation\data\raw\new\KTR-72502948\dpc\dpc-238-KTR-72502948.png,monolayer,no rouleaux,1,0
tanzania-073026/dpc-239-KTR-72502948.png,tanzania-073026,dpc-239-KTR-72502948.png,C:\Users\owlem\Projects\fov-filtering-tool\crowding-crenation\data\raw\new\KTR-72502948\dpc\dpc-239-KTR-72502948.png,monolayer,no rouleaux,1,0
tanzania-073026/dpc-240-KTR-72502948.png,tanzania-073026,dpc-240-KTR-72502948.png,C:\Users\owlem\Projects\fov-filtering-tool\crowding-crenation\data\raw\new\KTR-72502948\dpc\dpc-240-KTR-72502948.png,monolayer,no rouleaux,1,0
tanzania-073026/dpc-241-KTR-72502948.png,tanzania-073026,dpc-241-KTR-72502948.png,C:\Users\owlem\Projects\fov-filtering-tool\crowding-crenation\data\raw\new\KTR-72502948\dpc\dpc-241-KTR-72502948.png,monolayer,no rouleaux,1,0
tanzania-073026/dpc-242-KTR-72502948.png,tanzania-073026,dpc-242-KTR-72502948.png,C:\Users\owlem\Projects\fov-filtering-tool\crowding-crenation\data\raw\new\KTR-72502948\dpc\dpc-242-KTR-72502948.png,monolayer,no rouleaux,1,0
tanzania-073026/dpc-243-KTR-72502948.png,tanzania-073026,dpc-243-KTR-72502948.png,C:\Users\owlem\Projects\fov-filtering-tool\crowding-crenation\data\raw\new\KTR-72502948\dpc\dpc-243-KTR-72502948.png,monolayer,no rouleaux,1,0
tanzania-073026/dpc-244-KTR-72502948.png,tanzania-073026,dpc-244-KTR-72502948.png,C:\Users\owlem\Projects\fov-filtering-tool\crowding-crenation\data\raw\new\KTR-72502948\dpc\dpc-244-KTR-72502948.png,monolayer,no rouleaux,1,0
tanzania-073026/dpc-245-KTR-72502948.png,tanzania-073026,dpc-245-KTR-72502948.png,C:\Users\owlem\Projects\fov-filtering-tool\crowding-crenation\data\raw\new\KTR-72502948\dpc\dpc-245-KTR-72502948.png,monolayer,no rouleaux,1,0
tanzania-073026/dpc-246-KTR-72502948.png,tanzania-073026,dpc-246-KTR-72502948.png,C:\Users\owlem\Projects\fov-filtering-tool\crowding-crenation\data\raw\new\KTR-72502948\dpc\dpc-246-KTR-72502948.png,monolayer,no rouleaux,1,0
tanzania-073026/dpc-247-KTR-72502948.png,tanzania-073026,dpc-247-KTR-72502948.png,C:\Users\owlem\Projects\fov-filtering-tool\crowding-crenation\data\raw\new\KTR-72502948\dpc\dpc-247-KTR-72502948.png,monolayer,no rouleaux,1,0
tanzania-073026/dpc-248-KTR-72502948.png,tanzania-073026,dpc-248-KTR-72502948.png,C:\Users\owlem\Projects\fov-filtering-tool\crowding-crenation\data\raw\new\KTR-72502948\dpc\dpc-248-KTR-72502948.png,monolayer,no rouleaux,1,0
tanzania-073026/dpc-249-KTR-72502948.png,tanzania-073026,dpc-249-KTR-72502948.png,C:\Users\owlem\Projects\fov-filtering-tool\crowding-crenation\data\raw\new\KTR-72502948\dpc\dpc-249-KTR-72502948.png,monolayer,slight rouleaux,1,1
tanzania-073026/dpc-250-KTR-72502948.png,tanzania-073026,dpc-250-KTR-72502948.png,C:\Users\owlem\Projects\fov-filtering-tool\crowding-crenation\data\raw\new\KTR-72502948\dpc\dpc-250-KTR-72502948.png,slightly dense,slight rouleaux,2,1
tanzania-073026/dpc-251-KTR-72502948.png,tanzania-073026,dpc-251-KTR-72502948.png,C:\Users\owlem\Projects\fov-filtering-tool\crowding-crenation\data\raw\new\KTR-72502948\dpc\dpc-251-KTR-72502948.png,slightly dense,slight rouleaux,2,1
tanzania-073026/dpc-252-KTR-72502948.png,tanzania-073026,dpc-252-KTR-72502948.png,C:\Users\owlem\Projects\fov-filtering-tool\crowding-crenation\data\raw\new\KTR-72502948\dpc\dpc-252-KTR-72502948.png,slightly dense,slight rouleaux,2,1
tanzania-073026/dpc-253-KTR-72502948.png,tanzania-073026,dpc-253-KTR-72502948.png,C:\Users\owlem\Projects\fov-filtering-tool\crowding-crenation\data\raw\new\KTR-72502948\dpc\dpc-253-KTR-72502948.png,monolayer,no rouleaux,1,0
tanzania-073026/dpc-254-KTR-72502948.png,tanzania-073026,dpc-254-KTR-72502948.png,C:\Users\owlem\Projects\fov-filtering-tool\crowding-crenation\data\raw\new\KTR-72502948\dpc\dpc-254-KTR-72502948.png,monolayer,no rouleaux,1,0
tanzania-073026/dpc-255-KTR-72502948.png,tanzania-073026,dpc-255-KTR-72502948.png,C:\Users\owlem\Projects\fov-filtering-tool\crowding-crenation\data\raw\new\KTR-72502948\dpc\dpc-255-KTR-72502948.png,monolayer,no rouleaux,1,0
tanzania-073026/dpc-256-KTR-72502948.png,tanzania-073026,dpc-256-KTR-72502948.png,C:\Users\owlem\Projects\fov-filtering-tool\crowding-crenation\data\raw\new\KTR-72502948\dpc\dpc-256-KTR-72502948.png,monolayer,no rouleaux,1,0
tanzania-073026/dpc-257-KTR-72502948.png,tanzania-073026,dpc-257-KTR-72502948.png,C:\Users\owlem\Projects\fov-filtering-tool\crowding-crenation\data\raw\new\KTR-72502948\dpc\dpc-257-KTR-72502948.png,monolayer,no rouleaux,1,0
tanzania-073026/dpc-258-KTR-72502948.png,tanzania-073026,dpc-258-KTR-72502948.png,C:\Users\owlem\Projects\fov-filtering-tool\crowding-crenation\data\raw\new\KTR-72502948\dpc\dpc-258-KTR-72502948.png,monolayer,no rouleaux,1,0
tanzania-073026/dpc-259-KTR-72502948.png,tanzania-073026,dpc-259-KTR-72502948.png,C:\Users\owlem\Projects\fov-filtering-tool\crowding-crenation\data\raw\new\KTR-72502948\dpc\dpc-259-KTR-72502948.png,monolayer,no rouleaux,1,0
tanzania-073026/dpc-260-KTR-72502948.png,tanzania-073026,dpc-260-KTR-72502948.png,C:\Users\owlem\Projects\fov-filtering-tool\crowding-crenation\data\raw\new\KTR-72502948\dpc\dpc-260-KTR-72502948.png,monolayer,no rouleaux,1,0
tanzania-073026/dpc-261-KTR-72502948.png,tanzania-073026,dpc-261-KTR-72502948.png,C:\Users\owlem\Projects\fov-filtering-tool\crowding-crenation\data\raw\new\KTR-72502948\dpc\dpc-261-KTR-72502948.png,monolayer,no rouleaux,1,0
tanzania-073026/dpc-262-KTR-72502948.png,tanzania-073026,dpc-262-KTR-72502948.png,C:\Users\owlem\Projects\fov-filtering-tool\crowding-crenation\data\raw\new\KTR-72502948\dpc\dpc-262-KTR-72502948.png,monolayer,no rouleaux,1,0
tanzania-073026/dpc-263-KTR-72502948.png,tanzania-073026,dpc-263-KTR-72502948.png,C:\Users\owlem\Projects\fov-filtering-tool\crowding-crenation\data\raw\new\KTR-72502948\dpc\dpc-263-KTR-72502948.png,monolayer,no rouleaux,1,0
tanzania-073026/dpc-264-KTR-72502948.png,tanzania-073026,dpc-264-KTR-72502948.png,C:\Users\owlem\Projects\fov-filtering-tool\crowding-crenation\data\raw\new\KTR-72502948\dpc\dpc-264-KTR-72502948.png,monolayer,no rouleaux,1,0
tanzania-073026/dpc-265-KTR-72502948.png,tanzania-073026,dpc-265-KTR-72502948.png,C:\Users\owlem\Projects\fov-filtering-tool\crowding-crenation\data\raw\new\KTR-72502948\dpc\dpc-265-KTR-72502948.png,monolayer,no rouleaux,1,0
tanzania-073026/dpc-266-KTR-72502948.png,tanzania-073026,dpc-266-KTR-72502948.png,C:\Users\owlem\Projects\fov-filtering-tool\crowding-crenation\data\raw\new\KTR-72502948\dpc\dpc-266-KTR-72502948.png,monolayer,no rouleaux,1,0
tanzania-073026/dpc-267-KTR-72502948.png,tanzania-073026,dpc-267-KTR-72502948.png,C:\Users\owlem\Projects\fov-filtering-tool\crowding-crenation\data\raw\new\KTR-72502948\dpc\dpc-267-KTR-72502948.png,monolayer,no rouleaux,1,0
tanzania-073026/dpc-268-KTR-72502948.png,tanzania-073026,dpc-268-KTR-72502948.png,C:\Users\owlem\Projects\fov-filtering-tool\crowding-crenation\data\raw\new\KTR-72502948\dpc\dpc-268-KTR-72502948.png,monolayer,slight rouleaux,1,1
tanzania-073026/dpc-269-KTR-72502948.png,tanzania-073026,dpc-269-KTR-72502948.png,C:\Users\owlem\Projects\fov-filtering-tool\crowding-crenation\data\raw\new\KTR-72502948\dpc\dpc-269-KTR-72502948.png,monolayer,slight rouleaux,1,1
tanzania-073026/dpc-270-KTR-72502948.png,tanzania-073026,dpc-270-KTR-72502948.png,C:\Users\owlem\Projects\fov-filtering-tool\crowding-crenation\data\raw\new\KTR-72502948\dpc\dpc-270-KTR-72502948.png,monolayer,slight rouleaux,1,1
tanzania-073026/dpc-271-KTR-72502948.png,tanzania-073026,dpc-271-KTR-72502948.png,C:\Users\owlem\Projects\fov-filtering-tool\crowding-crenation\data\raw\new\KTR-72502948\dpc\dpc-271-KTR-72502948.png,monolayer,no rouleaux,1,0
tanzania-073026/dpc-272-KTR-72502948.png,tanzania-073026,dpc-272-KTR-72502948.png,C:\Users\owlem\Projects\fov-filtering-tool\crowding-crenation\data\raw\new\KTR-72502948\dpc\dpc-272-KTR-72502948.png,monolayer,no rouleaux,1,0
tanzania-073026/dpc-273-KTR-72502948.png,tanzania-073026,dpc-273-KTR-72502948.png,C:\Users\owlem\Projects\fov-filtering-tool\crowding-crenation\data\raw\new\KTR-72502948\dpc\dpc-273-KTR-72502948.png,monolayer,no rouleaux,1,0
tanzania-073026/dpc-274-KTR-72502948.png,tanzania-073026,dpc-274-KTR-72502948.png,C:\Users\owlem\Projects\fov-filtering-tool\crowding-crenation\data\raw\new\KTR-72502948\dpc\dpc-274-KTR-72502948.png,monolayer,no rouleaux,1,0
tanzania-073026/dpc-275-KTR-72502948.png,tanzania-073026,dpc-275-KTR-72502948.png,C:\Users\owlem\Projects\fov-filtering-tool\crowding-crenation\data\raw\new\KTR-72502948\dpc\dpc-275-KTR-72502948.png,monolayer,no rouleaux,1,0
tanzania-073026/dpc-276-KTR-72502948.png,tanzania-073026,dpc-276-KTR-72502948.png,C:\Users\owlem\Projects\fov-filtering-tool\crowding-crenation\data\raw\new\KTR-72502948\dpc\dpc-276-KTR-72502948.png,monolayer,no rouleaux,1,0
tanzania-073026/dpc-277-KTR-72502948.png,tanzania-073026,dpc-277-KTR-72502948.png,C:\Users\owlem\Projects\fov-filtering-tool\crowding-crenation\data\raw\new\KTR-72502948\dpc\dpc-277-KTR-72502948.png,monolayer,no rouleaux,1,0
tanzania-073026/dpc-278-KTR-72502948.png,tanzania-073026,dpc-278-KTR-72502948.png,C:\Users\owlem\Projects\fov-filtering-tool\crowding-crenation\data\raw\new\KTR-72502948\dpc\dpc-278-KTR-72502948.png,monolayer,no rouleaux,1,0
tanzania-073026/dpc-279-KTR-72502948.png,tanzania-073026,dpc-279-KTR-72502948.png,C:\Users\owlem\Projects\fov-filtering-tool\crowding-crenation\data\raw\new\KTR-72502948\dpc\dpc-279-KTR-72502948.png,monolayer,no rouleaux,1,0
tanzania-073026/dpc-280-KTR-72502948.png,tanzania-073026,dpc-280-KTR-72502948.png,C:\Users\owlem\Projects\fov-filtering-tool\crowding-crenation\data\raw\new\KTR-72502948\dpc\dpc-280-KTR-72502948.png,monolayer,no rouleaux,1,0
tanzania-073026/dpc-281-KTR-72502948.png,tanzania-073026,dpc-281-KTR-72502948.png,C:\Users\owlem\Projects\fov-filtering-tool\crowding-crenation\data\raw\new\KTR-72502948\dpc\dpc-281-KTR-72502948.png,monolayer,no rouleaux,1,0
tanzania-073026/dpc-282-KTR-72502948.png,tanzania-073026,dpc-282-KTR-72502948.png,C:\Users\owlem\Projects\fov-filtering-tool\crowding-crenation\data\raw\new\KTR-72502948\dpc\dpc-282-KTR-72502948.png,monolayer,no rouleaux,1,0
tanzania-073026/dpc-283-KTR-72502948.png,tanzania-073026,dpc-283-KTR-72502948.png,C:\Users\owlem\Projects\fov-filtering-tool\crowding-crenation\data\raw\new\KTR-72502948\dpc\dpc-283-KTR-72502948.png,monolayer,no rouleaux,1,0
tanzania-073026/dpc-284-KTR-72502948.png,tanzania-073026,dpc-284-KTR-72502948.png,C:\Users\owlem\Projects\fov-filtering-tool\crowding-crenation\data\raw\new\KTR-72502948\dpc\dpc-284-KTR-72502948.png,monolayer,no rouleaux,1,0
tanzania-073026/dpc-285-KTR-72502948.png,tanzania-073026,dpc-285-KTR-72502948.png,C:\Users\owlem\Projects\fov-filtering-tool\crowding-crenation\data\raw\new\KTR-72502948\dpc\dpc-285-KTR-72502948.png,monolayer,no rouleaux,1,0
tanzania-073026/dpc-286-KTR-72502948.png,tanzania-073026,dpc-286-KTR-72502948.png,C:\Users\owlem\Projects\fov-filtering-tool\crowding-crenation\data\raw\new\KTR-72502948\dpc\dpc-286-KTR-72502948.png,monolayer,no rouleaux,1,0
tanzania-073026/dpc-287-KTR-72502948.png,tanzania-073026,dpc-287-KTR-72502948.png,C:\Users\owlem\Projects\fov-filtering-tool\crowding-crenation\data\raw\new\KTR-72502948\dpc\dpc-287-KTR-72502948.png,monolayer,no rouleaux,1,0
tanzania-073026/dpc-288-KTR-72502948.png,tanzania-073026,dpc-288-KTR-72502948.png,C:\Users\owlem\Projects\fov-filtering-tool\crowding-crenation\data\raw\new\KTR-72502948\dpc\dpc-288-KTR-72502948.png,monolayer,no rouleaux,1,0
tanzania-073026/dpc-289-KTR-72502948.png,tanzania-073026,dpc-289-KTR-72502948.png,C:\Users\owlem\Projects\fov-filtering-tool\crowding-crenation\data\raw\new\KTR-72502948\dpc\dpc-289-KTR-72502948.png,monolayer,no rouleaux,1,0
tanzania-073026/dpc-290-KTR-72502948.png,tanzania-073026,dpc-290-KTR-72502948.png,C:\Users\owlem\Projects\fov-filtering-tool\crowding-crenation\data\raw\new\KTR-72502948\dpc\dpc-290-KTR-72502948.png,monolayer,no rouleaux,1,0
tanzania-073026/dpc-291-KTR-72502948.png,tanzania-073026,dpc-291-KTR-72502948.png,C:\Users\owlem\Projects\fov-filtering-tool\crowding-crenation\data\raw\new\KTR-72502948\dpc\dpc-291-KTR-72502948.png,monolayer,no rouleaux,1,0
tanzania-073026/dpc-292-KTR-72502948.png,tanzania-073026,dpc-292-KTR-72502948.png,C:\Users\owlem\Projects\fov-filtering-tool\crowding-crenation\data\raw\new\KTR-72502948\dpc\dpc-292-KTR-72502948.png,monolayer,no rouleaux,1,0
tanzania-073026/dpc-293-KTR-72502948.png,tanzania-073026,dpc-293-KTR-72502948.png,C:\Users\owlem\Projects\fov-filtering-tool\crowding-crenation\data\raw\new\KTR-72502948\dpc\dpc-293-KTR-72502948.png,monolayer,no rouleaux,1,0
tanzania-073026/dpc-294-KTR-72502948.png,tanzania-073026,dpc-294-KTR-72502948.png,C:\Users\owlem\Projects\fov-filtering-tool\crowding-crenation\data\raw\new\KTR-72502948\dpc\dpc-294-KTR-72502948.png,monolayer,no rouleaux,1,0
tanzania-073026/dpc-295-KTR-72502948.png,tanzania-073026,dpc-295-KTR-72502948.png,C:\Users\owlem\Projects\fov-filtering-tool\crowding-crenation\data\raw\new\KTR-72502948\dpc\dpc-295-KTR-72502948.png,monolayer,no rouleaux,1,0
tanzania-073026/dpc-296-KTR-72502948.png,tanzania-073026,dpc-296-KTR-72502948.png,C:\Users\owlem\Projects\fov-filtering-tool\crowding-crenation\data\raw\new\KTR-72502948\dpc\dpc-296-KTR-72502948.png,monolayer,no rouleaux,1,0
tanzania-073026/dpc-297-KTR-72502948.png,tanzania-073026,dpc-297-KTR-72502948.png,C:\Users\owlem\Projects\fov-filtering-tool\crowding-crenation\data\raw\new\KTR-72502948\dpc\dpc-297-KTR-72502948.png,monolayer,no rouleaux,1,0
tanzania-073026/dpc-298-KTR-72502948.png,tanzania-073026,dpc-298-KTR-72502948.png,C:\Users\owlem\Projects\fov-filtering-tool\crowding-crenation\data\raw\new\KTR-72502948\dpc\dpc-298-KTR-72502948.png,monolayer,no rouleaux,1,0
tanzania-073026/dpc-299-KTR-72502948.png,tanzania-073026,dpc-299-KTR-72502948.png,C:\Users\owlem\Projects\fov-filtering-tool\crowding-crenation\data\raw\new\KTR-72502948\dpc\dpc-299-KTR-72502948.png,monolayer,no rouleaux,1,0
tanzania-073026/dpc-300-KTR-72502948.png,tanzania-073026,dpc-300-KTR-72502948.png,C:\Users\owlem\Projects\fov-filtering-tool\crowding-crenation\data\raw\new\KTR-72502948\dpc\dpc-300-KTR-72502948.png,monolayer,no rouleaux,1,0
tanzania-073026/dpc-301-KTR-72502948.png,tanzania-073026,dpc-301-KTR-72502948.png,C:\Users\owlem\Projects\fov-filtering-tool\crowding-crenation\data\raw\new\KTR-72502948\dpc\dpc-301-KTR-72502948.png,monolayer,no rouleaux,1,0
tanzania-073026/dpc-302-KTR-72502948.png,tanzania-073026,dpc-302-KTR-72502948.png,C:\Users\owlem\Projects\fov-filtering-tool\crowding-crenation\data\raw\new\KTR-72502948\dpc\dpc-302-KTR-72502948.png,monolayer,no rouleaux,1,0
tanzania-073026/dpc-303-KTR-72502948.png,tanzania-073026,dpc-303-KTR-72502948.png,C:\Users\owlem\Projects\fov-filtering-tool\crowding-crenation\data\raw\new\KTR-72502948\dpc\dpc-303-KTR-72502948.png,monolayer,no rouleaux,1,0
tanzania-073026/dpc-304-KTR-72502948.png,tanzania-073026,dpc-304-KTR-72502948.png,C:\Users\owlem\Projects\fov-filtering-tool\crowding-crenation\data\raw\new\KTR-72502948\dpc\dpc-304-KTR-72502948.png,monolayer,slight rouleaux,1,1
tanzania-073026/dpc-305-KTR-72502948.png,tanzania-073026,dpc-305-KTR-72502948.png,C:\Users\owlem\Projects\fov-filtering-tool\crowding-crenation\data\raw\new\KTR-72502948\dpc\dpc-305-KTR-72502948.png,monolayer,slight rouleaux,1,1
tanzania-073026/dpc-306-KTR-72502948.png,tanzania-073026,dpc-306-KTR-72502948.png,C:\Users\owlem\Projects\fov-filtering-tool\crowding-crenation\data\raw\new\KTR-72502948\dpc\dpc-306-KTR-72502948.png,monolayer,slight rouleaux,1,1
tanzania-073026/dpc-307-KTR-72502948.png,tanzania-073026,dpc-307-KTR-72502948.png,C:\Users\owlem\Projects\fov-filtering-tool\crowding-crenation\data\raw\new\KTR-72502948\dpc\dpc-307-KTR-72502948.png,monolayer,no rouleaux,1,0
tanzania-073026/dpc-308-KTR-72502948.png,tanzania-073026,dpc-308-KTR-72502948.png,C:\Users\owlem\Projects\fov-filtering-tool\crowding-crenation\data\raw\new\KTR-72502948\dpc\dpc-308-KTR-72502948.png,monolayer,no rouleaux,1,0
tanzania-073026/dpc-309-KTR-72502948.png,tanzania-073026,dpc-309-KTR-72502948.png,C:\Users\owlem\Projects\fov-filtering-tool\crowding-crenation\data\raw\new\KTR-72502948\dpc\dpc-309-KTR-72502948.png,monolayer,no rouleaux,1,0
tanzania-073026/dpc-310-KTR-72502948.png,tanzania-073026,dpc-310-KTR-72502948.png,C:\Users\owlem\Projects\fov-filtering-tool\crowding-crenation\data\raw\new\KTR-72502948\dpc\dpc-310-KTR-72502948.png,monolayer,no rouleaux,1,0
tanzania-073026/dpc-311-KTR-72502948.png,tanzania-073026,dpc-311-KTR-72502948.png,C:\Users\owlem\Projects\fov-filtering-tool\crowding-crenation\data\raw\new\KTR-72502948\dpc\dpc-311-KTR-72502948.png,monolayer,no rouleaux,1,0
tanzania-073026/dpc-312-KTR-72502948.png,tanzania-073026,dpc-312-KTR-72502948.png,C:\Users\owlem\Projects\fov-filtering-tool\crowding-crenation\data\raw\new\KTR-72502948\dpc\dpc-312-KTR-72502948.png,monolayer,no rouleaux,1,0
tanzania-073026/dpc-313-KTR-72502948.png,tanzania-073026,dpc-313-KTR-72502948.png,C:\Users\owlem\Projects\fov-filtering-tool\crowding-crenation\data\raw\new\KTR-72502948\dpc\dpc-313-KTR-72502948.png,monolayer,no rouleaux,1,0
tanzania-073026/dpc-314-KTR-72502948.png,tanzania-073026,dpc-314-KTR-72502948.png,C:\Users\owlem\Projects\fov-filtering-tool\crowding-crenation\data\raw\new\KTR-72502948\dpc\dpc-314-KTR-72502948.png,monolayer,no rouleaux,1,0
tanzania-073026/dpc-315-KTR-72502948.png,tanzania-073026,dpc-315-KTR-72502948.png,C:\Users\owlem\Projects\fov-filtering-tool\crowding-crenation\data\raw\new\KTR-72502948\dpc\dpc-315-KTR-72502948.png,monolayer,no rouleaux,1,0
tanzania-073026/dpc-316-KTR-72502948.png,tanzania-073026,dpc-316-KTR-72502948.png,C:\Users\owlem\Projects\fov-filtering-tool\crowding-crenation\data\raw\new\KTR-72502948\dpc\dpc-316-KTR-72502948.png,monolayer,no rouleaux,1,0
tanzania-073026/dpc-317-KTR-72502948.png,tanzania-073026,dpc-317-KTR-72502948.png,C:\Users\owlem\Projects\fov-filtering-tool\crowding-crenation\data\raw\new\KTR-72502948\dpc\dpc-317-KTR-72502948.png,monolayer,no rouleaux,1,0
tanzania-073026/dpc-318-KTR-72502948.png,tanzania-073026,dpc-318-KTR-72502948.png,C:\Users\owlem\Projects\fov-filtering-tool\crowding-crenation\data\raw\new\KTR-72502948\dpc\dpc-318-KTR-72502948.png,monolayer,no rouleaux,1,0
tanzania-073026/dpc-319-KTR-72502948.png,tanzania-073026,dpc-319-KTR-72502948.png,C:\Users\owlem\Projects\fov-filtering-tool\crowding-crenation\data\raw\new\KTR-72502948\dpc\dpc-319-KTR-72502948.png,monolayer,no rouleaux,1,0
tanzania-073026/dpc-320-KTR-72502948.png,tanzania-073026,dpc-320-KTR-72502948.png,C:\Users\owlem\Projects\fov-filtering-tool\crowding-crenation\data\raw\new\KTR-72502948\dpc\dpc-320-KTR-72502948.png,monolayer,no rouleaux,1,0
tanzania-073026/dpc-321-KTR-72502948.png,tanzania-073026,dpc-321-KTR-72502948.png,C:\Users\owlem\Projects\fov-filtering-tool\crowding-crenation\data\raw\new\KTR-72502948\dpc\dpc-321-KTR-72502948.png,monolayer,no rouleaux,1,0
tanzania-073026/dpc-322-KTR-72502948.png,tanzania-073026,dpc-322-KTR-72502948.png,C:\Users\owlem\Projects\fov-filtering-tool\crowding-crenation\data\raw\new\KTR-72502948\dpc\dpc-322-KTR-72502948.png,monolayer,slight rouleaux,1,1
tanzania-073026/dpc-323-KTR-72502948.png,tanzania-073026,dpc-323-KTR-72502948.png,C:\Users\owlem\Projects\fov-filtering-tool\crowding-crenation\data\raw\new\KTR-72502948\dpc\dpc-323-KTR-72502948.png,monolayer,slight rouleaux,1,1
tanzania-073026/dpc-324-KTR-72502948.png,tanzania-073026,dpc-324-KTR-72502948.png,C:\Users\owlem\Projects\fov-filtering-tool\crowding-crenation\data\raw\new\KTR-72502948\dpc\dpc-324-KTR-72502948.png,monolayer,no rouleaux,1,0
