fov_id,manual_density,manual_overlap,model_density_label,model_overlap_label,model_density_score,model_overlap_score,fluorescent_present,fluorescent_confidence,fluorescent_contrast_ratio,dpc_path,fluorescent_path
1,monolayer,no rouleaux,slightly dense,slight rouleaux,0.515833025846866,0.4046253502302168,False,0.0,1.6833,gs://tanzania_02032026/TZ2025-Box5/KTR-72502946/dpc-001-KTR-72502946.png,gs://tanzania_02032026/TZ2025-Box5/KTR-72502946/fluorescent-001-KTR-72502946.png
2,monolayer,no rouleaux,slightly dense,slight rouleaux,0.4707677345076382,0.3587163269225414,False,0.0,1.691,gs://tanzania_02032026/TZ2025-Box5/KTR-72502946/dpc-002-KTR-72502946.png,gs://tanzania_02032026/TZ2025-Box5/KTR-72502946/fluorescent-002-KTR-72502946.png
3,monolayer,no rouleaux,slightly dense,no rouleaux,0.4609861819440485,0.3509837296714569,False,0.0759,2.396,gs://tanzania_02032026/TZ2025-Box5/KTR-72502946/dpc-003-KTR-72502946.png,gs://tanzania_02032026/TZ2025-Box5/KTR-72502946/fluorescent-003-KTR-72502946.png
4,monolayer,no rouleaux,monolayer,no rouleaux,0.44238961379345665,0.3328130552772121,False,0.0,1.4604,gs://tanzania_02032026/TZ2025-Box5/KTR-72502946/dpc-004-KTR-72502946.png,gs://tanzania_02032026/TZ2025-Box5/KTR-72502946/fluorescent-004-KTR-72502946.png
5,monolayer,no rouleaux,monolayer,no rouleaux,0.44751929147314595,0.3394914217253899,False,0.0,1.4018,gs://tanzania_02032026/TZ2025-Box5/KTR-72502946/dpc-005-KTR-72502946.png,gs://tanzania_02032026/TZ2025-Box5/KTR-72502946/fluorescent-005-KTR-72502946.png
6,monolayer,no rouleaux,slightly dense,no rouleaux,0.45918365813314677,0.34806369296886236,False,0.0,1.3845,gs://tanzania_02032026/TZ2025-Box5/KTR-72502946/dpc-006-KTR-72502946.png,gs://tanzania_02032026/TZ2025-Box5/KTR-72502946/fluorescent-006-KTR-72502946.png
7,monolayer,no rouleaux,slightly dense,slight rouleaux,0.47124512062632745,0.36024789291792664,False,0.0,1.2756,gs://tanzania_02032026/TZ2025-Box5/KTR-72502946/dpc-007-KTR-72502946.png,gs://tanzania_02032026/TZ2025-Box5/KTR-72502946/fluorescent-007-KTR-72502946.png
8,monolayer,no rouleaux,slightly dense,slight rouleaux,0.48756050757380065,0.3756060602283842,False,0.0,1.2563,gs://tanzania_02032026/TZ2025-Box5/KTR-72502946/dpc-008-KTR-72502946.png,gs://tanzania_02032026/TZ2025-Box5/KTR-72502946/fluorescent-008-KTR-72502946.png
9,monolayer,no rouleaux,slightly dense,slight rouleaux,0.48898384825877217,0.3752801258924422,False,0.0,1.2463,gs://tanzania_02032026/TZ2025-Box5/KTR-72502946/dpc-009-KTR-72502946.png,gs://tanzania_02032026/TZ2025-Box5/KTR-72502946/fluorescent-009-KTR-72502946.png
10,monolayer,no rouleaux,slightly dense,slight rouleaux,0.4810082123178843,0.3711823849618642,False,0.0,1.2758,gs://tanzania_02032026/TZ2025-Box5/KTR-72502946/dpc-010-KTR-72502946.png,gs://tanzania_02032026/TZ2025-Box5/KTR-72502946/fluorescent-010-KTR-72502946.png
11,monolayer,no rouleaux,slightly dense,no rouleaux,0.45958191393220915,0.34820527648238375,False,0.0,1.2301,gs://tanzania_02032026/TZ2025-Box5/KTR-72502946/dpc-011-KTR-72502946.png,gs://tanzania_02032026/TZ2025-Box5/KTR-72502946/fluorescent-011-KTR-72502946.png
12,monolayer,no rouleaux,slightly dense,slight rouleaux,0.4839825478882115,0.3697092370021472,False,0.0,1.2937,gs://tanzania_02032026/TZ2025-Box5/KTR-72502946/dpc-012-KTR-72502946.png,gs://tanzania_02032026/TZ2025-Box5/KTR-72502946/fluorescent-012-KTR-72502946.png
13,monolayer,no rouleaux,slightly dense,slight rouleaux,0.4950253604940166,0.38085377901186795,False,0.0,1.2778,gs://tanzania_02032026/TZ2025-Box5/KTR-72502946/dpc-013-KTR-72502946.png,gs://tanzania_02032026/TZ2025-Box5/KTR-72502946/fluorescent-013-KTR-72502946.png
14,monolayer,no rouleaux,slightly dense,no rouleaux,0.4667522453480017,0.3553757767249532,False,0.0,1.3364,gs://tanzania_02032026/TZ2025-Box5/KTR-72502946/dpc-014-KTR-72502946.png,gs://tanzania_02032026/TZ2025-Box5/KTR-72502946/fluorescent-014-KTR-72502946.png
15,monolayer,no rouleaux,slightly dense,no rouleaux,0.459657794366609,0.3476197170680735,False,0.0,1.8546,gs://tanzania_02032026/TZ2025-Box5/KTR-72502946/dpc-015-KTR-72502946.png,gs://tanzania_02032026/TZ2025-Box5/KTR-72502946/fluorescent-015-KTR-72502946.png
16,slightly dense,no rouleaux,slightly dense,slight rouleaux,0.4954068219444294,0.38067423216797813,False,0.0,1.4792,gs://tanzania_02032026/TZ2025-Box5/KTR-72502946/dpc-016-KTR-72502946.png,gs://tanzania_02032026/TZ2025-Box5/KTR-72502946/fluorescent-016-KTR-72502946.png
17,slightly dense,no rouleaux,slightly dense,slight rouleaux,0.49457072307586153,0.38272729963667385,False,0.0,1.2667,gs://tanzania_02032026/TZ2025-Box5/KTR-72502946/dpc-017-KTR-72502946.png,gs://tanzania_02032026/TZ2025-Box5/KTR-72502946/fluorescent-017-KTR-72502946.png
18,slightly dense,no rouleaux,slightly dense,slight rouleaux,0.4734878001133669,0.3666846533856987,False,0.0,1.4878,gs://tanzania_02032026/TZ2025-Box5/KTR-72502946/dpc-018-KTR-72502946.png,gs://tanzania_02032026/TZ2025-Box5/KTR-72502946/fluorescent-018-KTR-72502946.png
19,monolayer,no rouleaux,slightly dense,slight rouleaux,0.48780660796027675,0.37999404182679236,False,0.0,1.4161,gs://tanzania_02032026/TZ2025-Box5/KTR-72502946/dpc-019-KTR-72502946.png,gs://tanzania_02032026/TZ2025-Box5/KTR-72502946/fluorescent-019-KTR-72502946.png
20,monolayer,no rouleaux,slightly dense,no rouleaux,0.4620460036290097,0.35183515939725096,False,0.0,1.5611,gs://tanzania_02032026/TZ2025-Box5/KTR-72502946/dpc-020-KTR-72502946.png,gs://tanzania_02032026/TZ2025-Box5/KTR-72502946/fluorescent-020-KTR-72502946.png
21,monolayer,no rouleaux,monolayer,no rouleaux,0.4404265254179974,0.3301833976359046,False,0.0,1.4257,gs://tanzania_02032026/TZ2025-Box5/KTR-72502946/dpc-021-KTR-72502946.png,gs://tanzania_02032026/TZ2025-Box5/KTR-72502946/fluorescent-021-KTR-72502946.png
22,monolayer,no rouleaux,monolayer,no rouleaux,0.43818302982685475,0.330736120718519,False,0.0,1.5126,gs://tanzania_02032026/TZ2025-Box5/KTR-72502946/dpc-022-KTR-72502946.png,gs://tanzania_02032026/TZ2025-Box5/KTR-72502946/fluorescent-022-KTR-72502946.png
23,monolayer,no rouleaux,monolayer,no rouleaux,0.42921021537868786,0.32066461017220416,False,0.0,1.3754,gs://tanzania_02032026/TZ2025-Box5/KTR-72502946/dpc-023-KTR-72502946.png,gs://tanzania_02032026/TZ2025-Box5/KTR-72502946/fluorescent-023-KTR-72502946.png
24,monolayer,no rouleaux,slightly dense,slight rouleaux,0.48530956488679144,0.3689178110536166,False,0.0,1.3948,gs://tanzania_02032026/TZ2025-Box5/KTR-72502946/dpc-024-KTR-72502946.png,gs://tanzania_02032026/TZ2025-Box5/KTR-72502946/fluorescent-024-KTR-72502946.png
25,monolayer,slight rouleaux,slightly dense,slight rouleaux,0.5231084804428949,0.41242911444870267,False,0.0,1.388,gs://tanzania_02032026/TZ2025-Box5/KTR-72502946/dpc-025-KTR-72502946.png,gs://tanzania_02032026/TZ2025-Box5/KTR-72502946/fluorescent-025-KTR-72502946.png
26,monolayer,slight rouleaux,slightly dense,slight rouleaux,0.5023832306682054,0.38612574250906556,False,0.0,1.4078,gs://tanzania_02032026/TZ2025-Box5/KTR-72502946/dpc-026-KTR-72502946.png,gs://tanzania_02032026/TZ2025-Box5/KTR-72502946/fluorescent-026-KTR-72502946.png
27,slightly dense,slight rouleaux,slightly dense,slight rouleaux,0.548315719381057,0.43652163531882304,False,0.0,1.3399,gs://tanzania_02032026/TZ2025-Box5/KTR-72502946/dpc-027-KTR-72502946.png,gs://tanzania_02032026/TZ2025-Box5/KTR-72502946/fluorescent-027-KTR-72502946.png
28,slightly dense,slight rouleaux,slightly dense,slight rouleaux,0.5301259538309114,0.41327892330111665,False,0.0,1.2375,gs://tanzania_02032026/TZ2025-Box5/KTR-72502946/dpc-028-KTR-72502946.png,gs://tanzania_02032026/TZ2025-Box5/KTR-72502946/fluorescent-028-KTR-72502946.png
29,slightly dense,slight rouleaux,slightly dense,slight rouleaux,0.47862914847889815,0.36494509408098413,False,0.0,1.2348,gs://tanzania_02032026/TZ2025-Box5/KTR-72502946/dpc-029-KTR-72502946.png,gs://tanzania_02032026/TZ2025-Box5/KTR-72502946/fluorescent-029-KTR-72502946.png
30,slightly dense,slight rouleaux,slightly dense,slight rouleaux,0.5093916447273352,0.40171807228431317,False,0.0,1.383,gs://tanzania_02032026/TZ2025-Box5/KTR-72502946/dpc-030-KTR-72502946.png,gs://tanzania_02032026/TZ2025-Box5/KTR-72502946/fluorescent-030-KTR-72502946.png
31,slightly dense,slight rouleaux,slightly dense,some rouleaux,0.5613948283405132,0.4421028892918898,False,0.1508,2.6881,gs://tanzania_02032026/TZ2025-Box5/KTR-72502946/dpc-031-KTR-72502946.png,gs://tanzania_02032026/TZ2025-Box5/KTR-72502946/fluorescent-031-KTR-72502946.png
32,slightly dense,slight rouleaux,slightly dense,slight rouleaux,0.5230673796761999,0.4042111185343903,False,0.0,1.364,gs://tanzania_02032026/TZ2025-Box5/KTR-72502946/dpc-032-KTR-72502946.png,gs://tanzania_02032026/TZ2025-Box5/KTR-72502946/fluorescent-032-KTR-72502946.png
33,slightly dense,some rouleaux,slightly dense,slight rouleaux,0.5333518595304759,0.4186180046757042,False,0.0,1.4732,gs://tanzania_02032026/TZ2025-Box5/KTR-72502946/dpc-033-KTR-72502946.png,gs://tanzania_02032026/TZ2025-Box5/KTR-72502946/fluorescent-033-KTR-72502946.png
34,slightly dense,some rouleaux,slightly dense,some rouleaux,0.567829856516981,0.4455085391219897,False,0.0,1.2962,gs://tanzania_02032026/TZ2025-Box5/KTR-72502946/dpc-034-KTR-72502946.png,gs://tanzania_02032026/TZ2025-Box5/KTR-72502946/fluorescent-034-KTR-72502946.png
35,slightly dense,some rouleaux,dense,some rouleaux,0.6101593060917914,0.4944765979902516,False,0.0,1.4989,gs://tanzania_02032026/TZ2025-Box5/KTR-72502946/dpc-035-KTR-72502946.png,gs://tanzania_02032026/TZ2025-Box5/KTR-72502946/fluorescent-035-KTR-72502946.png
36,slightly dense,some rouleaux,slightly dense,slight rouleaux,0.5458591773047708,0.42959434907961414,False,0.0,1.5163,gs://tanzania_02032026/TZ2025-Box5/KTR-72502946/dpc-036-KTR-72502946.png,gs://tanzania_02032026/TZ2025-Box5/KTR-72502946/fluorescent-036-KTR-72502946.png
37,monolayer,no rouleaux,slightly dense,slight rouleaux,0.4978478514418412,0.3908616558508967,False,0.0,1.6611,gs://tanzania_02032026/TZ2025-Box5/KTR-72502946/dpc-037-KTR-72502946.png,gs://tanzania_02032026/TZ2025-Box5/KTR-72502946/fluorescent-037-KTR-72502946.png
38,monolayer,no rouleaux,slightly dense,no rouleaux,0.4626631750925406,0.3551926442345891,False,0.0,1.7934,gs://tanzania_02032026/TZ2025-Box5/KTR-72502946/dpc-038-KTR-72502946.png,gs://tanzania_02032026/TZ2025-Box5/KTR-72502946/fluorescent-038-KTR-72502946.png
39,monolayer,no rouleaux,monolayer,no rouleaux,0.4408119868761029,0.334429270381823,False,0.0,1.6854,gs://tanzania_02032026/TZ2025-Box5/KTR-72502946/dpc-039-KTR-72502946.png,gs://tanzania_02032026/TZ2025-Box5/KTR-72502946/fluorescent-039-KTR-72502946.png
40,monolayer,no rouleaux,monolayer,no rouleaux,0.44046470261628556,0.3342894917439357,False,0.0,1.5245,gs://tanzania_02032026/TZ2025-Box5/KTR-72502946/dpc-040-KTR-72502946.png,gs://tanzania_02032026/TZ2025-Box5/KTR-72502946/fluorescent-040-KTR-72502946.png
41,monolayer,no rouleaux,monolayer,no rouleaux,0.4426018681168619,0.3353207981321426,False,0.0,1.5096,gs://tanzania_02032026/TZ2025-Box5/KTR-72502946/dpc-041-KTR-72502946.png,gs://tanzania_02032026/TZ2025-Box5/KTR-72502946/fluorescent-041-KTR-72502946.png
42,monolayer,no rouleaux,slightly dense,slight rouleaux,0.4845545086618876,0.37207084470170276,False,0.0,1.4526,gs://tanzania_02032026/TZ2025-Box5/KTR-72502946/dpc-042-KTR-72502946.png,gs://tanzania_02032026/TZ2025-Box5/KTR-72502946/fluorescent-042-KTR-72502946.png
43,monolayer,no rouleaux,slightly dense,slight rouleaux,0.48028173426044907,0.37423722588291897,False,0.0,1.418,gs://tanzania_02032026/TZ2025-Box5/KTR-72502946/dpc-043-KTR-72502946.png,gs://tanzania_02032026/TZ2025-Box5/KTR-72502946/fluorescent-043-KTR-72502946.png
44,monolayer,no rouleaux,slightly dense,slight rouleaux,0.48806390362838903,0.37602676661838796,False,0.0,1.2534,gs://tanzania_02032026/TZ2025-Box5/KTR-72502946/dpc-044-KTR-72502946.png,gs://tanzania_02032026/TZ2025-Box5/KTR-72502946/fluorescent-044-KTR-72502946.png
45,slightly dense,no rouleaux,slightly dense,slight rouleaux,0.5183539875864017,0.40266055539898904,False,0.0,1.3996,gs://tanzania_02032026/TZ2025-Box5/KTR-72502946/dpc-045-KTR-72502946.png,gs://tanzania_02032026/TZ2025-Box5/KTR-72502946/fluorescent-045-KTR-72502946.png
46,slightly dense,no rouleaux,slightly dense,slight rouleaux,0.5080149531198094,0.39481298551576266,False,0.0,1.3893,gs://tanzania_02032026/TZ2025-Box5/KTR-72502946/dpc-046-KTR-72502946.png,gs://tanzania_02032026/TZ2025-Box5/KTR-72502946/fluorescent-046-KTR-72502946.png
47,slightly dense,slight rouleaux,slightly dense,slight rouleaux,0.5215351214739511,0.41120007937467823,False,0.0,1.209,gs://tanzania_02032026/TZ2025-Box5/KTR-72502946/dpc-047-KTR-72502946.png,gs://tanzania_02032026/TZ2025-Box5/KTR-72502946/fluorescent-047-KTR-72502946.png
48,slightly dense,slight rouleaux,slightly dense,slight rouleaux,0.5219377254637575,0.4065901774726669,False,0.0,1.3388,gs://tanzania_02032026/TZ2025-Box5/KTR-72502946/dpc-048-KTR-72502946.png,gs://tanzania_02032026/TZ2025-Box5/KTR-72502946/fluorescent-048-KTR-72502946.png
49,slightly dense,some rouleaux,slightly dense,some rouleaux,0.5865194575206283,0.47687995377053477,False,0.0,1.6498,gs://tanzania_02032026/TZ2025-Box5/KTR-72502946/dpc-049-KTR-72502946.png,gs://tanzania_02032026/TZ2025-Box5/KTR-72502946/fluorescent-049-KTR-72502946.png
50,slightly dense,some rouleaux,slightly dense,slight rouleaux,0.5444664683813463,0.43837011969972484,False,0.0,1.3811,gs://tanzania_02032026/TZ2025-Box5/KTR-72502946/dpc-050-KTR-72502946.png,gs://tanzania_02032026/TZ2025-Box5/KTR-72502946/fluorescent-050-KTR-72502946.png
51,slightly dense,some rouleaux,slightly dense,slight rouleaux,0.5225495702329441,0.4119414657284431,False,0.0,1.3073,gs://tanzania_02032026/TZ2025-Box5/KTR-72502946/dpc-051-KTR-72502946.png,gs://tanzania_02032026/TZ2025-Box5/KTR-72502946/fluorescent-051-KTR-72502946.png
52,slightly dense,some rouleaux,slightly dense,some rouleaux,0.58817986217126,0.47223838233794946,False,0.0,1.3201,gs://tanzania_02032026/TZ2025-Box5/KTR-72502946/dpc-052-KTR-72502946.png,gs://tanzania_02032026/TZ2025-Box5/KTR-72502946/fluorescent-052-KTR-72502946.png
53,dense,some rouleaux,dense,rouleaux,0.6425504113166789,0.5429607172226248,False,0.0,1.3713,gs://tanzania_02032026/TZ2025-Box5/KTR-72502946/dpc-053-KTR-72502946.png,gs://tanzania_02032026/TZ2025-Box5/KTR-72502946/fluorescent-053-KTR-72502946.png
54,slightly dense,some rouleaux,dense,some rouleaux,0.6086761035643218,0.49209572934233037,True,0.8217,5.3045,gs://tanzania_02032026/TZ2025-Box5/KTR-72502946/dpc-054-KTR-72502946.png,gs://tanzania_02032026/TZ2025-Box5/KTR-72502946/fluorescent-054-KTR-72502946.png
55,monolayer,no rouleaux,slightly dense,slight rouleaux,0.46193517720481303,0.3571232413633509,False,0.0,1.5619,gs://tanzania_02032026/TZ2025-Box5/KTR-72502946/dpc-055-KTR-72502946.png,gs://tanzania_02032026/TZ2025-Box5/KTR-72502946/fluorescent-055-KTR-72502946.png
56,slightly dense,no rouleaux,monolayer,no rouleaux,0.4222411747762528,0.3186780779245474,False,0.0,1.4432,gs://tanzania_02032026/TZ2025-Box5/KTR-72502946/dpc-056-KTR-72502946.png,gs://tanzania_02032026/TZ2025-Box5/KTR-72502946/fluorescent-056-KTR-72502946.png
57,slightly dense,no rouleaux,monolayer,no rouleaux,0.4203342051450511,0.328208993442572,False,0.0,1.4663,gs://tanzania_02032026/TZ2025-Box5/KTR-72502946/dpc-057-KTR-72502946.png,gs://tanzania_02032026/TZ2025-Box5/KTR-72502946/fluorescent-057-KTR-72502946.png
58,slightly dense,no rouleaux,monolayer,no rouleaux,0.4030636060650557,0.3032374847618196,False,0.0,1.4557,gs://tanzania_02032026/TZ2025-Box5/KTR-72502946/dpc-058-KTR-72502946.png,gs://tanzania_02032026/TZ2025-Box5/KTR-72502946/fluorescent-058-KTR-72502946.png
59,dense,rouleaux,slightly dense,slight rouleaux,0.48265434513573985,0.3824616622184392,False,0.0,1.4871,gs://tanzania_02032026/TZ2025-Box5/KTR-72502946/dpc-059-KTR-72502946.png,gs://tanzania_02032026/TZ2025-Box5/KTR-72502946/fluorescent-059-KTR-72502946.png
60,very dense,heavy rouleaux,dense,rouleaux,0.6485528232426775,0.5565514433090175,False,0.0,1.3335,gs://tanzania_02032026/TZ2025-Box5/KTR-72502946/dpc-060-KTR-72502946.png,gs://tanzania_02032026/TZ2025-Box5/KTR-72502946/fluorescent-060-KTR-72502946.png
61,very dense,heavy rouleaux,very dense,rouleaux,0.6817760014038488,0.6016253855682444,False,0.0,1.4925,gs://tanzania_02032026/TZ2025-Box5/KTR-72502946/dpc-061-KTR-72502946.png,gs://tanzania_02032026/TZ2025-Box5/KTR-72502946/fluorescent-061-KTR-72502946.png
62,very dense,heavy rouleaux,very dense,heavy rouleaux,0.7813013599862169,0.7553480186732576,False,0.0,1.7795,gs://tanzania_02032026/TZ2025-Box5/KTR-72502946/dpc-062-KTR-72502946.png,gs://tanzania_02032026/TZ2025-Box5/KTR-72502946/fluorescent-062-KTR-72502946.png
63,very dense,heavy rouleaux,very dense,heavy rouleaux,0.7536441627823482,0.7005296838907925,False,0.0,1.7909,gs://tanzania_02032026/TZ2025-Box5/KTR-72502946/dpc-063-KTR-72502946.png,gs://tanzania_02032026/TZ2025-Box5/KTR-72502946/fluorescent-063-KTR-72502946.png
64,very dense,heavy rouleaux,very dense,heavy rouleaux,0.8248741037214923,0.7962659374665964,False,0.0,1.5866,gs://tanzania_02032026/TZ2025-Box5/KTR-72502946/dpc-064-KTR-72502946.png,gs://tanzania_02032026/TZ2025-Box5/KTR-72502946/fluorescent-064-KTR-72502946.png
65,dense,rouleaux,very dense,heavy rouleaux,0.677636644708774,0.6910401957347718,False,0.0,1.4556,gs://tanzania_02032026/TZ2025-Box5/KTR-72502946/dpc-065-KTR-72502946.png,gs://tanzania_02032026/TZ2025-Box5/KTR-72502946/fluorescent-065-KTR-72502946.png
66,dense,rouleaux,monolayer,no rouleaux,0.42606499258955993,0.3558657021535883,False,0.0,1.4436,gs://tanzania_02032026/TZ2025-Box5/KTR-72502946/dpc-066-KTR-72502946.png,gs://tanzania_02032026/TZ2025-Box5/KTR-72502946/fluorescent-066-KTR-72502946.png
67,slightly dense,some rouleaux,slightly dense,slight rouleaux,0.4751713527909462,0.4120283836902626,False,0.0,1.5184,gs://tanzania_02032026/TZ2025-Box5/KTR-72502946/dpc-067-KTR-72502946.png,gs://tanzania_02032026/TZ2025-Box5/KTR-72502946/fluorescent-067-KTR-72502946.png
68,slightly dense,some rouleaux,monolayer,slight rouleaux,0.45069386929093336,0.3930515026154721,False,0.0,1.5233,gs://tanzania_02032026/TZ2025-Box5/KTR-72502946/dpc-068-KTR-72502946.png,gs://tanzania_02032026/TZ2025-Box5/KTR-72502946/fluorescent-068-KTR-72502946.png
69,slightly dense,some rouleaux,monolayer,no rouleaux,0.4255236509075175,0.35353419266419384,False,0.0,1.2883,gs://tanzania_02032026/TZ2025-Box5/KTR-72502946/dpc-069-KTR-72502946.png,gs://tanzania_02032026/TZ2025-Box5/KTR-72502946/fluorescent-069-KTR-72502946.png
70,slightly dense,some rouleaux,slightly dense,slight rouleaux,0.4688849775223818,0.4032480771533683,False,0.0,1.6494,gs://tanzania_02032026/TZ2025-Box5/KTR-72502946/dpc-070-KTR-72502946.png,gs://tanzania_02032026/TZ2025-Box5/KTR-72502946/fluorescent-070-KTR-72502946.png
71,slightly dense,some rouleaux,slightly dense,slight rouleaux,0.4906593139426896,0.43150019598143674,False,0.0,1.565,gs://tanzania_02032026/TZ2025-Box5/KTR-72502946/dpc-071-KTR-72502946.png,gs://tanzania_02032026/TZ2025-Box5/KTR-72502946/fluorescent-071-KTR-72502946.png
72,slightly dense,some rouleaux,slightly dense,slight rouleaux,0.4870552226186765,0.43016176853721216,False,0.0,1.8138,gs://tanzania_02032026/TZ2025-Box5/KTR-72502946/dpc-072-KTR-72502946.png,gs://tanzania_02032026/TZ2025-Box5/KTR-72502946/fluorescent-072-KTR-72502946.png
73,monolayer,no rouleaux,slightly dense,slight rouleaux,0.4903407688088618,0.38315958467259686,False,0.0,1.5809,gs://tanzania_02032026/TZ2025-Box5/KTR-72502946/dpc-073-KTR-72502946.png,gs://tanzania_02032026/TZ2025-Box5/KTR-72502946/fluorescent-073-KTR-72502946.png
74,monolayer,no rouleaux,slightly dense,slight rouleaux,0.4672182277324806,0.3616883777403419,False,0.0,1.3851,gs://tanzania_02032026/TZ2025-Box5/KTR-72502946/dpc-074-KTR-72502946.png,gs://tanzania_02032026/TZ2025-Box5/KTR-72502946/fluorescent-074-KTR-72502946.png
75,monolayer,no rouleaux,monolayer,no rouleaux,0.4201333759064222,0.31551000413927505,False,0.0,1.5016,gs://tanzania_02032026/TZ2025-Box5/KTR-72502946/dpc-075-KTR-72502946.png,gs://tanzania_02032026/TZ2025-Box5/KTR-72502946/fluorescent-075-KTR-72502946.png
76,monolayer,no rouleaux,monolayer,no rouleaux,0.42188913106114534,0.3194385722258434,False,0.0,1.5748,gs://tanzania_02032026/TZ2025-Box5/KTR-72502946/dpc-076-KTR-72502946.png,gs://tanzania_02032026/TZ2025-Box5/KTR-72502946/fluorescent-076-KTR-72502946.png
77,monolayer,no rouleaux,monolayer,slight rouleaux,0.4457542248232855,0.3682778877376649,False,0.0,1.6378,gs://tanzania_02032026/TZ2025-Box5/KTR-72502946/dpc-077-KTR-72502946.png,gs://tanzania_02032026/TZ2025-Box5/KTR-72502946/fluorescent-077-KTR-72502946.png
78,dense,rouleaux,dense,some rouleaux,0.6058982263997401,0.5276537241974663,False,0.0,1.5815,gs://tanzania_02032026/TZ2025-Box5/KTR-72502946/dpc-078-KTR-72502946.png,gs://tanzania_02032026/TZ2025-Box5/KTR-72502946/fluorescent-078-KTR-72502946.png
79,very dense,heavy rouleaux,dense,rouleaux,0.6612465813631031,0.5736045545848344,False,0.0,1.5317,gs://tanzania_02032026/TZ2025-Box5/KTR-72502946/dpc-079-KTR-72502946.png,gs://tanzania_02032026/TZ2025-Box5/KTR-72502946/fluorescent-079-KTR-72502946.png
80,very dense,heavy rouleaux,very dense,rouleaux,0.687191575180942,0.5948964710050025,False,0.0,1.7857,gs://tanzania_02032026/TZ2025-Box5/KTR-72502946/dpc-080-KTR-72502946.png,gs://tanzania_02032026/TZ2025-Box5/KTR-72502946/fluorescent-080-KTR-72502946.png
81,very dense,heavy rouleaux,very dense,heavy rouleaux,0.7053764615238682,0.626234446800201,False,0.0,1.4901,gs://tanzania_02032026/TZ2025-Box5/KTR-72502946/dpc-081-KTR-72502946.png,gs://tanzania_02032026/TZ2025-Box5/KTR-72502946/fluorescent-081-KTR-72502946.png
82,very dense,heavy rouleaux,very dense,heavy rouleaux,0.7337721836186887,0.6403796810668163,False,0.0,3.3994,gs://tanzania_02032026/TZ2025-Box5/KTR-72502946/dpc-082-KTR-72502946.png,gs://tanzania_02032026/TZ2025-Box5/KTR-72502946/fluorescent-082-KTR-72502946.png
83,dense,rouleaux,very dense,heavy rouleaux,0.7267608895048405,0.7290475954951547,False,0.0,1.7346,gs://tanzania_02032026/TZ2025-Box5/KTR-72502946/dpc-083-KTR-72502946.png,gs://tanzania_02032026/TZ2025-Box5/KTR-72502946/fluorescent-083-KTR-72502946.png
84,monolayer,slight rouleaux,slightly dense,some rouleaux,0.5061702616225312,0.4421363590790947,False,0.0,1.3893,gs://tanzania_02032026/TZ2025-Box5/KTR-72502946/dpc-084-KTR-72502946.png,gs://tanzania_02032026/TZ2025-Box5/KTR-72502946/fluorescent-084-KTR-72502946.png
85,slightly dense,slight rouleaux,slightly dense,slight rouleaux,0.47175708482946604,0.39250978307788814,False,0.0,1.3427,gs://tanzania_02032026/TZ2025-Box5/KTR-72502946/dpc-085-KTR-72502946.png,gs://tanzania_02032026/TZ2025-Box5/KTR-72502946/fluorescent-085-KTR-72502946.png
86,monolayer,slight rouleaux,monolayer,slight rouleaux,0.4540450563406702,0.39318261578383457,False,0.0,1.4241,gs://tanzania_02032026/TZ2025-Box5/KTR-72502946/dpc-086-KTR-72502946.png,gs://tanzania_02032026/TZ2025-Box5/KTR-72502946/fluorescent-086-KTR-72502946.png
87,monolayer,slight rouleaux,monolayer,no rouleaux,0.3962795423125418,0.3164688345404113,False,0.0,1.4961,gs://tanzania_02032026/TZ2025-Box5/KTR-72502946/dpc-087-KTR-72502946.png,gs://tanzania_02032026/TZ2025-Box5/KTR-72502946/fluorescent-087-KTR-72502946.png
88,monolayer,slight rouleaux,monolayer,no rouleaux,0.4369205051618614,0.34524914874165846,False,0.0,1.2353,gs://tanzania_02032026/TZ2025-Box5/KTR-72502946/dpc-088-KTR-72502946.png,gs://tanzania_02032026/TZ2025-Box5/KTR-72502946/fluorescent-088-KTR-72502946.png
89,monolayer,slight rouleaux,monolayer,no rouleaux,0.418048651492424,0.3411543177548357,False,0.0,1.295,gs://tanzania_02032026/TZ2025-Box5/KTR-72502946/dpc-089-KTR-72502946.png,gs://tanzania_02032026/TZ2025-Box5/KTR-72502946/fluorescent-089-KTR-72502946.png
90,monolayer,no rouleaux,monolayer,no rouleaux,0.3872061952893725,0.3214184147070161,False,0.0,1.39,gs://tanzania_02032026/TZ2025-Box5/KTR-72502946/dpc-090-KTR-72502946.png,gs://tanzania_02032026/TZ2025-Box5/KTR-72502946/fluorescent-090-KTR-72502946.png
91,monolayer,no rouleaux,slightly dense,slight rouleaux,0.4874025362369234,0.3806106095782997,False,0.0,1.4155,gs://tanzania_02032026/TZ2025-Box5/KTR-72502946/dpc-091-KTR-72502946.png,gs://tanzania_02032026/TZ2025-Box5/KTR-72502946/fluorescent-091-KTR-72502946.png
92,monolayer,no rouleaux,slightly dense,slight rouleaux,0.48365802904484156,0.3848316446498013,False,0.0,1.2643,gs://tanzania_02032026/TZ2025-Box5/KTR-72502946/dpc-092-KTR-72502946.png,gs://tanzania_02032026/TZ2025-Box5/KTR-72502946/fluorescent-092-KTR-72502946.png
93,monolayer,no rouleaux,monolayer,no rouleaux,0.4384957303815165,0.3291829291457456,False,0.0,1.4271,gs://tanzania_02032026/TZ2025-Box5/KTR-72502946/dpc-093-KTR-72502946.png,gs://tanzania_02032026/TZ2025-Box5/KTR-72502946/fluorescent-093-KTR-72502946.png
94,monolayer,no rouleaux,monolayer,no rouleaux,0.4304353730634121,0.3209642096755787,False,0.0,1.3614,gs://tanzania_02032026/TZ2025-Box5/KTR-72502946/dpc-094-KTR-72502946.png,gs://tanzania_02032026/TZ2025-Box5/KTR-72502946/fluorescent-094-KTR-72502946.png
95,monolayer,no rouleaux,monolayer,no rouleaux,0.4403594827342812,0.339218636102894,False,0.0,1.3358,gs://tanzania_02032026/TZ2025-Box5/KTR-72502946/dpc-095-KTR-72502946.png,gs://tanzania_02032026/TZ2025-Box5/KTR-72502946/fluorescent-095-KTR-72502946.png
96,slightly dense,slight rouleaux,slightly dense,slight rouleaux,0.525942756594686,0.41481487862290833,False,0.0,1.2571,gs://tanzania_02032026/TZ2025-Box5/KTR-72502946/dpc-096-KTR-72502946.png,gs://tanzania_02032026/TZ2025-Box5/KTR-72502946/fluorescent-096-KTR-72502946.png
97,slightly dense,slight rouleaux,slightly dense,slight rouleaux,0.5438401422558038,0.4268297056889694,False,0.0,1.2748,gs://tanzania_02032026/TZ2025-Box5/KTR-72502946/dpc-097-KTR-72502946.png,gs://tanzania_02032026/TZ2025-Box5/KTR-72502946/fluorescent-097-KTR-72502946.png
98,very dense,heavy rouleaux,dense,rouleaux,0.6720229234574583,0.5809677632024396,False,0.0,1.586,gs://tanzania_02032026/TZ2025-Box5/KTR-72502946/dpc-098-KTR-72502946.png,gs://tanzania_02032026/TZ2025-Box5/KTR-72502946/fluorescent-098-KTR-72502946.png
99,very dense,heavy rouleaux,very dense,heavy rouleaux,0.7677878254506928,0.6810866687708966,False,0.0,1.6374,gs://tanzania_02032026/TZ2025-Box5/KTR-72502946/dpc-099-KTR-72502946.png,gs://tanzania_02032026/TZ2025-Box5/KTR-72502946/fluorescent-099-KTR-72502946.png
100,very dense,heavy rouleaux,very dense,heavy rouleaux,0.7952575488547297,0.7186432459688471,False,0.0381,2.2487,gs://tanzania_02032026/TZ2025-Box5/KTR-72502946/dpc-100-KTR-72502946.png,gs://tanzania_02032026/TZ2025-Box5/KTR-72502946/fluorescent-100-KTR-72502946.png
101,dense,rouleaux,very dense,heavy rouleaux,0.7774776813463153,0.7692749360261653,False,0.0,1.4787,gs://tanzania_02032026/TZ2025-Box5/KTR-72502946/dpc-101-KTR-72502946.png,gs://tanzania_02032026/TZ2025-Box5/KTR-72502946/fluorescent-101-KTR-72502946.png
102,slightly dense,slight rouleaux,slightly dense,some rouleaux,0.5385250233680074,0.44789135659896057,False,0.0,1.3694,gs://tanzania_02032026/TZ2025-Box5/KTR-72502946/dpc-102-KTR-72502946.png,gs://tanzania_02032026/TZ2025-Box5/KTR-72502946/fluorescent-102-KTR-72502946.png
103,slightly dense,slight rouleaux,slightly dense,some rouleaux,0.5624045544189941,0.4835536750031656,False,0.0,1.3758,gs://tanzania_02032026/TZ2025-Box5/KTR-72502946/dpc-103-KTR-72502946.png,gs://tanzania_02032026/TZ2025-Box5/KTR-72502946/fluorescent-103-KTR-72502946.png
104,slightly dense,slight rouleaux,slightly dense,some rouleaux,0.5255173320281138,0.4541111258983627,False,0.0,1.5608,gs://tanzania_02032026/TZ2025-Box5/KTR-72502946/dpc-104-KTR-72502946.png,gs://tanzania_02032026/TZ2025-Box5/KTR-72502946/fluorescent-104-KTR-72502946.png
105,slightly dense,slight rouleaux,slightly dense,slight rouleaux,0.46991187417257424,0.37832001631604395,False,0.0,1.9049,gs://tanzania_02032026/TZ2025-Box5/KTR-72502946/dpc-105-KTR-72502946.png,gs://tanzania_02032026/TZ2025-Box5/KTR-72502946/fluorescent-105-KTR-72502946.png
106,slightly dense,slight rouleaux,slightly dense,slight rouleaux,0.5016655083768591,0.3971797184914491,False,0.0,1.2875,gs://tanzania_02032026/TZ2025-Box5/KTR-72502946/dpc-106-KTR-72502946.png,gs://tanzania_02032026/TZ2025-Box5/KTR-72502946/fluorescent-106-KTR-72502946.png
107,slightly dense,no rouleaux,slightly dense,some rouleaux,0.572736146495292,0.48579723684799136,False,0.0,1.3381,gs://tanzania_02032026/TZ2025-Box5/KTR-72502946/dpc-107-KTR-72502946.png,gs://tanzania_02032026/TZ2025-Box5/KTR-72502946/fluorescent-107-KTR-72502946.png
108,slightly dense,slight rouleaux,slightly dense,slight rouleaux,0.5200463643818557,0.42906146247672877,False,0.0,1.3345,gs://tanzania_02032026/TZ2025-Box5/KTR-72502946/dpc-108-KTR-72502946.png,gs://tanzania_02032026/TZ2025-Box5/KTR-72502946/fluorescent-108-KTR-72502946.png
109,monolayer,no rouleaux,slightly dense,slight rouleaux,0.5092089583459927,0.39525160615706834,False,0.0,1.6138,gs://tanzania_02032026/TZ2025-Box5/KTR-72502946/dpc-109-KTR-72502946.png,gs://tanzania_02032026/TZ2025-Box5/KTR-72502946/fluorescent-109-KTR-72502946.png
110,monolayer,no rouleaux,slightly dense,slight rouleaux,0.4857042431957326,0.37165041566725976,False,0.0,1.5399,gs://tanzania_02032026/TZ2025-Box5/KTR-72502946/dpc-110-KTR-72502946.png,gs://tanzania_02032026/TZ2025-Box5/KTR-72502946/fluorescent-110-KTR-72502946.png
111,monolayer,no rouleaux,slightly dense,no rouleaux,0.4613968388147683,0.3553501115219265,False,0.0,1.5476,gs://tanzania_02032026/TZ2025-Box5/KTR-72502946/dpc-111-KTR-72502946.png,gs://tanzania_02032026/TZ2025-Box5/KTR-72502946/fluorescent-111-KTR-72502946.png
112,monolayer,no rouleaux,monolayer,no rouleaux,0.44280620745395144,0.3324670864293102,False,0.0,1.6026,gs://tanzania_02032026/TZ2025-Box5/KTR-72502946/dpc-112-KTR-72502946.png,gs://tanzania_02032026/TZ2025-Box5/KTR-72502946/fluorescent-112-KTR-72502946.png
113,monolayer,no rouleaux,slightly dense,slight rouleaux,0.47661711518012195,0.3851539180316851,False,0.0,1.4301,gs://tanzania_02032026/TZ2025-Box5/KTR-72502946/dpc-113-KTR-72502946.png,gs://tanzania_02032026/TZ2025-Box5/KTR-72502946/fluorescent-113-KTR-72502946.png
114,slightly dense,some rouleaux,slightly dense,slight rouleaux,0.5295820083401201,0.4102976810439617,False,0.0,1.4689,gs://tanzania_02032026/TZ2025-Box5/KTR-72502946/dpc-114-KTR-72502946.png,gs://tanzania_02032026/TZ2025-Box5/KTR-72502946/fluorescent-114-KTR-72502946.png
115,slightly dense,slight rouleaux,slightly dense,some rouleaux,0.5570852485674136,0.4403272336856943,False,0.0,1.4185,gs://tanzania_02032026/TZ2025-Box5/KTR-72502946/dpc-115-KTR-72502946.png,gs://tanzania_02032026/TZ2025-Box5/KTR-72502946/fluorescent-115-KTR-72502946.png
116,dense,rouleaux,dense,rouleaux,0.6336540414665962,0.5676396013132986,False,0.0,1.5456,gs://tanzania_02032026/TZ2025-Box5/KTR-72502946/dpc-116-KTR-72502946.png,gs://tanzania_02032026/TZ2025-Box5/KTR-72502946/fluorescent-116-KTR-72502946.png
117,very dense,heavy rouleaux,dense,rouleaux,0.6678596660901157,0.5843171932091147,False,0.0,1.5957,gs://tanzania_02032026/TZ2025-Box5/KTR-72502946/dpc-117-KTR-72502946.png,gs://tanzania_02032026/TZ2025-Box5/KTR-72502946/fluorescent-117-KTR-72502946.png
118,very dense,heavy rouleaux,very dense,heavy rouleaux,0.7332854172462964,0.6309876767308606,False,0.0272,2.2062,gs://tanzania_02032026/TZ2025-Box5/KTR-72502946/dpc-118-KTR-72502946.png,gs://tanzania_02032026/TZ2025-Box5/KTR-72502946/fluorescent-118-KTR-72502946.png
119,dense,heavy rouleaux,very dense,heavy rouleaux,0.7447387672635915,0.6689876802861846,False,0.0,1.4401,gs://tanzania_02032026/TZ2025-Box5/KTR-72502946/dpc-119-KTR-72502946.png,gs://tanzania_02032026/TZ2025-Box5/KTR-72502946/fluorescent-119-KTR-72502946.png
120,dense,some rouleaux,dense,some rouleaux,0.618695270813755,0.5111328974525526,False,0.0,1.2818,gs://tanzania_02032026/TZ2025-Box5/KTR-72502946/dpc-120-KTR-72502946.png,gs://tanzania_02032026/TZ2025-Box5/KTR-72502946/fluorescent-120-KTR-72502946.png
121,slightly dense,slight rouleaux,slightly dense,some rouleaux,0.5884728932382336,0.48485143879741194,False,0.0,1.3085,gs://tanzania_02032026/TZ2025-Box5/KTR-72502946/dpc-121-KTR-72502946.png,gs://tanzania_02032026/TZ2025-Box5/KTR-72502946/fluorescent-121-KTR-72502946.png
122,slightly dense,some rouleaux,slightly dense,some rouleaux,0.5486106483600367,0.43952789325326996,False,0.0,1.3802,gs://tanzania_02032026/TZ2025-Box5/KTR-72502946/dpc-122-KTR-72502946.png,gs://tanzania_02032026/TZ2025-Box5/KTR-72502946/fluorescent-122-KTR-72502946.png
123,slightly dense,some rouleaux,slightly dense,slight rouleaux,0.4939201002699989,0.39425807880455976,False,0.0,1.5188,gs://tanzania_02032026/TZ2025-Box5/KTR-72502946/dpc-123-KTR-72502946.png,gs://tanzania_02032026/TZ2025-Box5/KTR-72502946/fluorescent-123-KTR-72502946.png
124,slightly dense,slight rouleaux,slightly dense,some rouleaux,0.5513233383691504,0.4420248677927996,False,0.0,1.3043,gs://tanzania_02032026/TZ2025-Box5/KTR-72502946/dpc-124-KTR-72502946.png,gs://tanzania_02032026/TZ2025-Box5/KTR-72502946/fluorescent-124-KTR-72502946.png
125,slightly dense,slight rouleaux,slightly dense,some rouleaux,0.5650498628270426,0.45661119436706593,False,0.0,1.3659,gs://tanzania_02032026/TZ2025-Box5/KTR-72502946/dpc-125-KTR-72502946.png,gs://tanzania_02032026/TZ2025-Box5/KTR-72502946/fluorescent-125-KTR-72502946.png
126,slightly dense,some rouleaux,slightly dense,some rouleaux,0.5499285287386608,0.4544687973314191,False,0.0,1.4064,gs://tanzania_02032026/TZ2025-Box5/KTR-72502946/dpc-126-KTR-72502946.png,gs://tanzania_02032026/TZ2025-Box5/KTR-72502946/fluorescent-126-KTR-72502946.png
127,monolayer,no rouleaux,slightly dense,slight rouleaux,0.47894095454546975,0.3700486356973939,False,0.0,1.4615,gs://tanzania_02032026/TZ2025-Box5/KTR-72502946/dpc-127-KTR-72502946.png,gs://tanzania_02032026/TZ2025-Box5/KTR-72502946/fluorescent-127-KTR-72502946.png
128,monolayer,no rouleaux,monolayer,no rouleaux,0.4499604094487424,0.33944027621905043,False,0.0,1.3182,gs://tanzania_02032026/TZ2025-Box5/KTR-72502946/dpc-128-KTR-72502946.png,gs://tanzania_02032026/TZ2025-Box5/KTR-72502946/fluorescent-128-KTR-72502946.png
129,monolayer,no rouleaux,monolayer,no rouleaux,0.4093847098140267,0.3084691665417494,False,0.0,1.5999,gs://tanzania_02032026/TZ2025-Box5/KTR-72502946/dpc-129-KTR-72502946.png,gs://tanzania_02032026/TZ2025-Box5/KTR-72502946/fluorescent-129-KTR-72502946.png
130,monolayer,no rouleaux,monolayer,no rouleaux,0.42412419438279053,0.329897358995323,False,0.0,1.4475,gs://tanzania_02032026/TZ2025-Box5/KTR-72502946/dpc-130-KTR-72502946.png,gs://tanzania_02032026/TZ2025-Box5/KTR-72502946/fluorescent-130-KTR-72502946.png
131,monolayer,no rouleaux,monolayer,no rouleaux,0.4061014690293342,0.3048660424837567,False,0.0,1.5089,gs://tanzania_02032026/TZ2025-Box5/KTR-72502946/dpc-131-KTR-72502946.png,gs://tanzania_02032026/TZ2025-Box5/KTR-72502946/fluorescent-131-KTR-72502946.png
132,monolayer,no rouleaux,monolayer,no rouleaux,0.4515019305557492,0.3423783431401377,False,0.0,1.7199,gs://tanzania_02032026/TZ2025-Box5/KTR-72502946/dpc-132-KTR-72502946.png,gs://tanzania_02032026/TZ2025-Box5/KTR-72502946/fluorescent-132-KTR-72502946.png
133,slightly dense,rouleaux,slightly dense,slight rouleaux,0.5481804802092606,0.4384857425610939,False,0.0,1.2625,gs://tanzania_02032026/TZ2025-Box5/KTR-72502946/dpc-133-KTR-72502946.png,gs://tanzania_02032026/TZ2025-Box5/KTR-72502946/fluorescent-133-KTR-72502946.png
134,slightly dense,rouleaux,dense,rouleaux,0.634340669127404,0.541852014614438,False,0.0,1.4001,gs://tanzania_02032026/TZ2025-Box5/KTR-72502946/dpc-134-KTR-72502946.png,gs://tanzania_02032026/TZ2025-Box5/KTR-72502946/fluorescent-134-KTR-72502946.png
135,dense,heavy rouleaux,dense,rouleaux,0.673078602460623,0.5813142281463085,False,0.0,1.8567,gs://tanzania_02032026/TZ2025-Box5/KTR-72502946/dpc-135-KTR-72502946.png,gs://tanzania_02032026/TZ2025-Box5/KTR-72502946/fluorescent-135-KTR-72502946.png
136,very dense,heavy rouleaux,very dense,heavy rouleaux,0.7873040900120359,0.6871590924845067,False,0.201,2.884,gs://tanzania_02032026/TZ2025-Box5/KTR-72502946/dpc-136-KTR-72502946.png,gs://tanzania_02032026/TZ2025-Box5/KTR-72502946/fluorescent-136-KTR-72502946.png
137,very dense,heavy rouleaux,very dense,heavy rouleaux,0.765111777243861,0.6711008070977492,False,0.0,2.0951,gs://tanzania_02032026/TZ2025-Box5/KTR-72502946/dpc-137-KTR-72502946.png,gs://tanzania_02032026/TZ2025-Box5/KTR-72502946/fluorescent-137-KTR-72502946.png
138,dense,heavy rouleaux,very dense,rouleaux,0.6887867030390555,0.5775212396396672,False,0.0,1.4165,gs://tanzania_02032026/TZ2025-Box5/KTR-72502946/dpc-138-KTR-72502946.png,gs://tanzania_02032026/TZ2025-Box5/KTR-72502946/fluorescent-138-KTR-72502946.png
139,dense,rouleaux,dense,some rouleaux,0.6135013625773438,0.5178977538583719,False,0.0,1.4888,gs://tanzania_02032026/TZ2025-Box5/KTR-72502946/dpc-139-KTR-72502946.png,gs://tanzania_02032026/TZ2025-Box5/KTR-72502946/fluorescent-139-KTR-72502946.png
140,dense,rouleaux,slightly dense,some rouleaux,0.5887104849063295,0.5167138367272173,False,0.0,1.441,gs://tanzania_02032026/TZ2025-Box5/KTR-72502946/dpc-140-KTR-72502946.png,gs://tanzania_02032026/TZ2025-Box5/KTR-72502946/fluorescent-140-KTR-72502946.png
141,dense,some rouleaux,slightly dense,some rouleaux,0.5328800675953126,0.45552801347382543,False,0.0,1.4312,gs://tanzania_02032026/TZ2025-Box5/KTR-72502946/dpc-141-KTR-72502946.png,gs://tanzania_02032026/TZ2025-Box5/KTR-72502946/fluorescent-141-KTR-72502946.png
142,dense,some rouleaux,slightly dense,some rouleaux,0.5475582029468604,0.4699728306611625,False,0.0,1.5628,gs://tanzania_02032026/TZ2025-Box5/KTR-72502946/dpc-142-KTR-72502946.png,gs://tanzania_02032026/TZ2025-Box5/KTR-72502946/fluorescent-142-KTR-72502946.png
143,dense,some rouleaux,slightly dense,some rouleaux,0.56775748664555,0.5049002067073797,False,0.0,1.5916,gs://tanzania_02032026/TZ2025-Box5/KTR-72502946/dpc-143-KTR-72502946.png,gs://tanzania_02032026/TZ2025-Box5/KTR-72502946/fluorescent-143-KTR-72502946.png
144,slightly dense,no rouleaux,slightly dense,slight rouleaux,0.49872310394451336,0.4183352156298365,False,0.0,1.4085,gs://tanzania_02032026/TZ2025-Box5/KTR-72502946/dpc-144-KTR-72502946.png,gs://tanzania_02032026/TZ2025-Box5/KTR-72502946/fluorescent-144-KTR-72502946.png
145,monolayer,no rouleaux,slightly dense,slight rouleaux,0.4804907727113851,0.3729502223773446,False,0.0,1.3107,gs://tanzania_02032026/TZ2025-Box5/KTR-72502946/dpc-145-KTR-72502946.png,gs://tanzania_02032026/TZ2025-Box5/KTR-72502946/fluorescent-145-KTR-72502946.png
146,monolayer,no rouleaux,monolayer,no rouleaux,0.4473207219347923,0.3386188176115173,False,0.0,1.3131,gs://tanzania_02032026/TZ2025-Box5/KTR-72502946/dpc-146-KTR-72502946.png,gs://tanzania_02032026/TZ2025-Box5/KTR-72502946/fluorescent-146-KTR-72502946.png
147,monolayer,no rouleaux,monolayer,no rouleaux,0.4199558099974748,0.3160321596455113,False,0.0,1.3857,gs://tanzania_02032026/TZ2025-Box5/KTR-72502946/dpc-147-KTR-72502946.png,gs://tanzania_02032026/TZ2025-Box5/KTR-72502946/fluorescent-147-KTR-72502946.png
148,monolayer,no rouleaux,monolayer,no rouleaux,0.39399623181649923,0.29091669741598364,False,0.0,1.677,gs://tanzania_02032026/TZ2025-Box5/KTR-72502946/dpc-148-KTR-72502946.png,gs://tanzania_02032026/TZ2025-Box5/KTR-72502946/fluorescent-148-KTR-72502946.png
149,monolayer,no rouleaux,monolayer,no rouleaux,0.41237378161124005,0.313998450514998,False,0.0,1.2654,gs://tanzania_02032026/TZ2025-Box5/KTR-72502946/dpc-149-KTR-72502946.png,gs://tanzania_02032026/TZ2025-Box5/KTR-72502946/fluorescent-149-KTR-72502946.png
150,slightly dense,no rouleaux,monolayer,no rouleaux,0.44988897337938716,0.336902870056288,False,0.0,1.2477,gs://tanzania_02032026/TZ2025-Box5/KTR-72502946/dpc-150-KTR-72502946.png,gs://tanzania_02032026/TZ2025-Box5/KTR-72502946/fluorescent-150-KTR-72502946.png
151,slightly dense,slight rouleaux,slightly dense,some rouleaux,0.532726963969633,0.44691730069970587,False,0.0,1.276,gs://tanzania_02032026/TZ2025-Box5/KTR-72502946/dpc-151-KTR-72502946.png,gs://tanzania_02032026/TZ2025-Box5/KTR-72502946/fluorescent-151-KTR-72502946.png
152,slightly dense,rouleaux,slightly dense,some rouleaux,0.5848485065405817,0.5047104767532702,False,0.0,3.6843,gs://tanzania_02032026/TZ2025-Box5/KTR-72502946/dpc-152-KTR-72502946.png,gs://tanzania_02032026/TZ2025-Box5/KTR-72502946/fluorescent-152-KTR-72502946.png
153,very dense,heavy rouleaux,dense,rouleaux,0.6306356292073735,0.5437374188286391,False,0.0,1.3929,gs://tanzania_02032026/TZ2025-Box5/KTR-72502946/dpc-153-KTR-72502946.png,gs://tanzania_02032026/TZ2025-Box5/KTR-72502946/fluorescent-153-KTR-72502946.png
154,very dense,heavy rouleaux,very dense,heavy rouleaux,0.7637714726239879,0.6874543816120221,False,0.0,1.7273,gs://tanzania_02032026/TZ2025-Box5/KTR-72502946/dpc-154-KTR-72502946.png,gs://tanzania_02032026/TZ2025-Box5/KTR-72502946/fluorescent-154-KTR-72502946.png
155,very dense,heavy rouleaux,very dense,heavy rouleaux,0.7771966247198058,0.7183869475810047,False,0.0,2.038,gs://tanzania_02032026/TZ2025-Box5/KTR-72502946/dpc-155-KTR-72502946.png,gs://tanzania_02032026/TZ2025-Box5/KTR-72502946/fluorescent-155-KTR-72502946.png
156,very dense,heavy rouleaux,dense,rouleaux,0.6399000999216393,0.5317390641155995,False,0.0,1.4357,gs://tanzania_02032026/TZ2025-Box5/KTR-72502946/dpc-156-KTR-72502946.png,gs://tanzania_02032026/TZ2025-Box5/KTR-72502946/fluorescent-156-KTR-72502946.png
157,dense,heavy rouleaux,dense,some rouleaux,0.6328007044012891,0.5225616766393847,False,0.0,1.3584,gs://tanzania_02032026/TZ2025-Box5/KTR-72502946/dpc-157-KTR-72502946.png,gs://tanzania_02032026/TZ2025-Box5/KTR-72502946/fluorescent-157-KTR-72502946.png
158,dense,rouleaux,slightly dense,some rouleaux,0.5971105453095653,0.48548118689591063,False,0.0,1.3647,gs://tanzania_02032026/TZ2025-Box5/KTR-72502946/dpc-158-KTR-72502946.png,gs://tanzania_02032026/TZ2025-Box5/KTR-72502946/fluorescent-158-KTR-72502946.png
159,dense,rouleaux,slightly dense,some rouleaux,0.5599827042417984,0.46027810116005397,False,0.0,1.9044,gs://tanzania_02032026/TZ2025-Box5/KTR-72502946/dpc-159-KTR-72502946.png,gs://tanzania_02032026/TZ2025-Box5/KTR-72502946/fluorescent-159-KTR-72502946.png
160,dense,rouleaux,slightly dense,some rouleaux,0.573082465564799,0.4604089775191153,False,0.0,1.4034,gs://tanzania_02032026/TZ2025-Box5/KTR-72502946/dpc-160-KTR-72502946.png,gs://tanzania_02032026/TZ2025-Box5/KTR-72502946/fluorescent-160-KTR-72502946.png
161,dense,some rouleaux,slightly dense,some rouleaux,0.5680579577300198,0.46598416921904834,False,0.0,1.4698,gs://tanzania_02032026/TZ2025-Box5/KTR-72502946/dpc-161-KTR-72502946.png,gs://tanzania_02032026/TZ2025-Box5/KTR-72502946/fluorescent-161-KTR-72502946.png
162,slightly dense,some rouleaux,slightly dense,some rouleaux,0.5418098918729377,0.44246016682641515,False,0.0,1.3659,gs://tanzania_02032026/TZ2025-Box5/KTR-72502946/dpc-162-KTR-72502946.png,gs://tanzania_02032026/TZ2025-Box5/KTR-72502946/fluorescent-162-KTR-72502946.png
163,monolayer,no rouleaux,slightly dense,no rouleaux,0.4553740916126857,0.35183395478936436,False,0.0,1.3716,gs://tanzania_02032026/TZ2025-Box5/KTR-72502946/dpc-163-KTR-72502946.png,gs://tanzania_02032026/TZ2025-Box5/KTR-72502946/fluorescent-163-KTR-72502946.png
164,monolayer,no rouleaux,monolayer,no rouleaux,0.4035482153060719,0.30084601557157103,False,0.0,1.2383,gs://tanzania_02032026/TZ2025-Box5/KTR-72502946/dpc-164-KTR-72502946.png,gs://tanzania_02032026/TZ2025-Box5/KTR-72502946/fluorescent-164-KTR-72502946.png
165,monolayer,no rouleaux,monolayer,no rouleaux,0.40082043558048197,0.30375183818709456,False,0.0,1.4472,gs://tanzania_02032026/TZ2025-Box5/KTR-72502946/dpc-165-KTR-72502946.png,gs://tanzania_02032026/TZ2025-Box5/KTR-72502946/fluorescent-165-KTR-72502946.png
166,monolayer,no rouleaux,monolayer,no rouleaux,0.3757318261626164,0.27692930293724344,False,0.0,1.6699,gs://tanzania_02032026/TZ2025-Box5/KTR-72502946/dpc-166-KTR-72502946.png,gs://tanzania_02032026/TZ2025-Box5/KTR-72502946/fluorescent-166-KTR-72502946.png
167,monolayer,no rouleaux,monolayer,no rouleaux,0.38935432358950817,0.3043744515201279,False,0.0,1.3406,gs://tanzania_02032026/TZ2025-Box5/KTR-72502946/dpc-167-KTR-72502946.png,gs://tanzania_02032026/TZ2025-Box5/KTR-72502946/fluorescent-167-KTR-72502946.png
168,monolayer,no rouleaux,monolayer,no rouleaux,0.4126008568851979,0.3247980237078539,False,0.0,1.2325,gs://tanzania_02032026/TZ2025-Box5/KTR-72502946/dpc-168-KTR-72502946.png,gs://tanzania_02032026/TZ2025-Box5/KTR-72502946/fluorescent-168-KTR-72502946.png
169,monolayer,no rouleaux,monolayer,no rouleaux,0.43544444024554785,0.3496922494884252,False,0.0,1.241,gs://tanzania_02032026/TZ2025-Box5/KTR-72502946/dpc-169-KTR-72502946.png,gs://tanzania_02032026/TZ2025-Box5/KTR-72502946/fluorescent-169-KTR-72502946.png
170,slightly dense,no rouleaux,monolayer,no rouleaux,0.42711641554815394,0.3286773229840825,False,0.0,1.3737,gs://tanzania_02032026/TZ2025-Box5/KTR-72502946/dpc-170-KTR-72502946.png,gs://tanzania_02032026/TZ2025-Box5/KTR-72502946/fluorescent-170-KTR-72502946.png
171,slightly dense,slight rouleaux,slightly dense,slight rouleaux,0.4790776689670749,0.36537693493689694,False,0.0,1.3372,gs://tanzania_02032026/TZ2025-Box5/KTR-72502946/dpc-171-KTR-72502946.png,gs://tanzania_02032026/TZ2025-Box5/KTR-72502946/fluorescent-171-KTR-72502946.png
172,very dense,heavy rouleaux,dense,rouleaux,0.6231475865920479,0.5352568069512222,False,0.0,1.6487,gs://tanzania_02032026/TZ2025-Box5/KTR-72502946/dpc-172-KTR-72502946.png,gs://tanzania_02032026/TZ2025-Box5/KTR-72502946/fluorescent-172-KTR-72502946.png
173,very dense,heavy rouleaux,very dense,rouleaux,0.6878032470002409,0.6056474595751973,False,0.0,1.8103,gs://tanzania_02032026/TZ2025-Box5/KTR-72502946/dpc-173-KTR-72502946.png,gs://tanzania_02032026/TZ2025-Box5/KTR-72502946/fluorescent-173-KTR-72502946.png
174,very dense,heavy rouleaux,very dense,rouleaux,0.6884653061930097,0.593239211275326,False,0.0,1.381,gs://tanzania_02032026/TZ2025-Box5/KTR-72502946/dpc-174-KTR-72502946.png,gs://tanzania_02032026/TZ2025-Box5/KTR-72502946/fluorescent-174-KTR-72502946.png
175,very dense,heavy rouleaux,dense,rouleaux,0.6517039159955131,0.5347788683589575,False,0.0,1.4165,gs://tanzania_02032026/TZ2025-Box5/KTR-72502946/dpc-175-KTR-72502946.png,gs://tanzania_02032026/TZ2025-Box5/KTR-72502946/fluorescent-175-KTR-72502946.png
176,dense,heavy rouleaux,dense,rouleaux,0.6481168339812028,0.5469129430960284,False,0.0,1.3901,gs://tanzania_02032026/TZ2025-Box5/KTR-72502946/dpc-176-KTR-72502946.png,gs://tanzania_02032026/TZ2025-Box5/KTR-72502946/fluorescent-176-KTR-72502946.png
177,dense,heavy rouleaux,dense,some rouleaux,0.6333685744242672,0.5224022883653795,False,0.0,1.5495,gs://tanzania_02032026/TZ2025-Box5/KTR-72502946/dpc-177-KTR-72502946.png,gs://tanzania_02032026/TZ2025-Box5/KTR-72502946/fluorescent-177-KTR-72502946.png
178,dense,rouleaux,dense,some rouleaux,0.6380405565075327,0.518801888995492,False,0.0,1.4486,gs://tanzania_02032026/TZ2025-Box5/KTR-72502946/dpc-178-KTR-72502946.png,gs://tanzania_02032026/TZ2025-Box5/KTR-72502946/fluorescent-178-KTR-72502946.png
179,dense,heavy rouleaux,dense,some rouleaux,0.6299122278503186,0.5194022344363772,False,0.0,1.3202,gs://tanzania_02032026/TZ2025-Box5/KTR-72502946/dpc-179-KTR-72502946.png,gs://tanzania_02032026/TZ2025-Box5/KTR-72502946/fluorescent-179-KTR-72502946.png
180,dense,heavy rouleaux,dense,some rouleaux,0.6021774101607544,0.49322244623080563,False,0.0,1.361,gs://tanzania_02032026/TZ2025-Box5/KTR-72502946/dpc-180-KTR-72502946.png,gs://tanzania_02032026/TZ2025-Box5/KTR-72502946/fluorescent-180-KTR-72502946.png
181,monolayer,no rouleaux,slightly dense,no rouleaux,0.45643299886008193,0.3512198647738124,False,0.0,1.4691,gs://tanzania_02032026/TZ2025-Box5/KTR-72502946/dpc-181-KTR-72502946.png,gs://tanzania_02032026/TZ2025-Box5/KTR-72502946/fluorescent-181-KTR-72502946.png
182,monolayer,no rouleaux,monolayer,no rouleaux,0.420777555890433,0.3150055656980954,False,0.0,1.5256,gs://tanzania_02032026/TZ2025-Box5/KTR-72502946/dpc-182-KTR-72502946.png,gs://tanzania_02032026/TZ2025-Box5/KTR-72502946/fluorescent-182-KTR-72502946.png
183,monolayer,no rouleaux,monolayer,no rouleaux,0.4116340393930481,0.30683610915715287,False,0.0,1.3673,gs://tanzania_02032026/TZ2025-Box5/KTR-72502946/dpc-183-KTR-72502946.png,gs://tanzania_02032026/TZ2025-Box5/KTR-72502946/fluorescent-183-KTR-72502946.png
184,monolayer,no rouleaux,monolayer,no rouleaux,0.39263629017346335,0.29188803871424174,False,0.0,1.2852,gs://tanzania_02032026/TZ2025-Box5/KTR-72502946/dpc-184-KTR-72502946.png,gs://tanzania_02032026/TZ2025-Box5/KTR-72502946/fluorescent-184-KTR-72502946.png
185,monolayer,no rouleaux,monolayer,no rouleaux,0.3762213436126827,0.27436608527517764,False,0.0,1.34,gs://tanzania_02032026/TZ2025-Box5/KTR-72502946/dpc-185-KTR-72502946.png,gs://tanzania_02032026/TZ2025-Box5/KTR-72502946/fluorescent-185-KTR-72502946.png
186,monolayer,no rouleaux,monolayer,no rouleaux,0.4084735760387107,0.30314986248762193,False,0.0,1.1554,gs://tanzania_02032026/TZ2025-Box5/KTR-72502946/dpc-186-KTR-72502946.png,gs://tanzania_02032026/TZ2025-Box5/KTR-72502946/fluorescent-186-KTR-72502946.png
187,monolayer,no rouleaux,monolayer,no rouleaux,0.3828536679176768,0.27902832275657397,False,0.0,1.24,gs://tanzania_02032026/TZ2025-Box5/KTR-72502946/dpc-187-KTR-72502946.png,gs://tanzania_02032026/TZ2025-Box5/KTR-72502946/fluorescent-187-KTR-72502946.png
188,monolayer,no rouleaux,monolayer,no rouleaux,0.4136849999374713,0.3203663205757472,False,0.0,1.3588,gs://tanzania_02032026/TZ2025-Box5/KTR-72502946/dpc-188-KTR-72502946.png,gs://tanzania_02032026/TZ2025-Box5/KTR-72502946/fluorescent-188-KTR-72502946.png
189,slightly dense,no rouleaux,monolayer,no rouleaux,0.4319474282921027,0.33795950659442514,False,0.0,1.307,gs://tanzania_02032026/TZ2025-Box5/KTR-72502946/dpc-189-KTR-72502946.png,gs://tanzania_02032026/TZ2025-Box5/KTR-72502946/fluorescent-189-KTR-72502946.png
190,dense,heavy rouleaux,slightly dense,some rouleaux,0.5579897773115028,0.47081363190143916,False,0.0,1.3118,gs://tanzania_02032026/TZ2025-Box5/KTR-72502946/dpc-190-KTR-72502946.png,gs://tanzania_02032026/TZ2025-Box5/KTR-72502946/fluorescent-190-KTR-72502946.png
191,very dense,heavy rouleaux,very dense,heavy rouleaux,0.7109572436012117,0.6174618508368704,False,0.0,1.7415,gs://tanzania_02032026/TZ2025-Box5/KTR-72502946/dpc-191-KTR-72502946.png,gs://tanzania_02032026/TZ2025-Box5/KTR-72502946/fluorescent-191-KTR-72502946.png
192,very dense,heavy rouleaux,very dense,heavy rouleaux,0.7352853550227542,0.641330807833953,False,0.0,1.6308,gs://tanzania_02032026/TZ2025-Box5/KTR-72502946/dpc-192-KTR-72502946.png,gs://tanzania_02032026/TZ2025-Box5/KTR-72502946/fluorescent-192-KTR-72502946.png
193,very dense,heavy rouleaux,very dense,rouleaux,0.6967410913600061,0.6004182058587882,False,0.0,1.4751,gs://tanzania_02032026/TZ2025-Box5/KTR-72502946/dpc-193-KTR-72502946.png,gs://tanzania_02032026/TZ2025-Box5/KTR-72502946/fluorescent-193-KTR-72502946.png
194,dense,heavy rouleaux,dense,rouleaux,0.6721661672645853,0.5650800896130477,False,0.0,1.4466,gs://tanzania_02032026/TZ2025-Box5/KTR-72502946/dpc-194-KTR-72502946.png,gs://tanzania_02032026/TZ2025-Box5/KTR-72502946/fluorescent-194-KTR-72502946.png
195,dense,heavy rouleaux,dense,some rouleaux,0.621496269576092,0.5128016312670577,False,0.0,1.4309,gs://tanzania_02032026/TZ2025-Box5/KTR-72502946/dpc-195-KTR-72502946.png,gs://tanzania_02032026/TZ2025-Box5/KTR-72502946/fluorescent-195-KTR-72502946.png
196,dense,rouleaux,dense,some rouleaux,0.6169650000041289,0.5019513326411763,False,0.0,1.3788,gs://tanzania_02032026/TZ2025-Box5/KTR-72502946/dpc-196-KTR-72502946.png,gs://tanzania_02032026/TZ2025-Box5/KTR-72502946/fluorescent-196-KTR-72502946.png
197,dense,rouleaux,dense,rouleaux,0.6267583629384325,0.5343668403037384,False,0.0,1.3855,gs://tanzania_02032026/TZ2025-Box5/KTR-72502946/dpc-197-KTR-72502946.png,gs://tanzania_02032026/TZ2025-Box5/KTR-72502946/fluorescent-197-KTR-72502946.png
198,dense,some rouleaux,slightly dense,some rouleaux,0.5681784264046754,0.4662112384915126,True,1.0,12.8702,gs://tanzania_02032026/TZ2025-Box5/KTR-72502946/dpc-198-KTR-72502946.png,gs://tanzania_02032026/TZ2025-Box5/KTR-72502946/fluorescent-198-KTR-72502946.png
199,monolayer,no rouleaux,slightly dense,slight rouleaux,0.49615749599102354,0.40725198492428993,False,0.0,1.5787,gs://tanzania_02032026/TZ2025-Box5/KTR-72502946/dpc-199-KTR-72502946.png,gs://tanzania_02032026/TZ2025-Box5/KTR-72502946/fluorescent-199-KTR-72502946.png
200,monolayer,no rouleaux,monolayer,no rouleaux,0.421139459087334,0.3188649006282024,False,0.0,1.4843,gs://tanzania_02032026/TZ2025-Box5/KTR-72502946/dpc-200-KTR-72502946.png,gs://tanzania_02032026/TZ2025-Box5/KTR-72502946/fluorescent-200-KTR-72502946.png
201,monolayer,no rouleaux,monolayer,no rouleaux,0.38286489006796703,0.28785903940592505,False,0.0,1.3896,gs://tanzania_02032026/TZ2025-Box5/KTR-72502946/dpc-201-KTR-72502946.png,gs://tanzania_02032026/TZ2025-Box5/KTR-72502946/fluorescent-201-KTR-72502946.png
202,monolayer,no rouleaux,monolayer,no rouleaux,0.35771191751899367,0.26621934824939736,False,0.0,1.3805,gs://tanzania_02032026/TZ2025-Box5/KTR-72502946/dpc-202-KTR-72502946.png,gs://tanzania_02032026/TZ2025-Box5/KTR-72502946/fluorescent-202-KTR-72502946.png
203,monolayer,no rouleaux,monolayer,no rouleaux,0.35790401882620315,0.2657367760060819,False,0.0,1.3309,gs://tanzania_02032026/TZ2025-Box5/KTR-72502946/dpc-203-KTR-72502946.png,gs://tanzania_02032026/TZ2025-Box5/KTR-72502946/fluorescent-203-KTR-72502946.png
204,monolayer,no rouleaux,monolayer,no rouleaux,0.38116957925835154,0.28167470513051523,False,0.0,1.384,gs://tanzania_02032026/TZ2025-Box5/KTR-72502946/dpc-204-KTR-72502946.png,gs://tanzania_02032026/TZ2025-Box5/KTR-72502946/fluorescent-204-KTR-72502946.png
205,monolayer,no rouleaux,monolayer,no rouleaux,0.3831862647483998,0.28556175038419157,False,0.0,1.2834,gs://tanzania_02032026/TZ2025-Box5/KTR-72502946/dpc-205-KTR-72502946.png,gs://tanzania_02032026/TZ2025-Box5/KTR-72502946/fluorescent-205-KTR-72502946.png
206,slightly dense,slight rouleaux,monolayer,no rouleaux,0.4133592165574275,0.3210252657184815,False,0.0,1.273,gs://tanzania_02032026/TZ2025-Box5/KTR-72502946/dpc-206-KTR-72502946.png,gs://tanzania_02032026/TZ2025-Box5/KTR-72502946/fluorescent-206-KTR-72502946.png
207,dense,some rouleaux,slightly dense,slight rouleaux,0.5011761118614132,0.42608127414383246,False,0.0,1.4079,gs://tanzania_02032026/TZ2025-Box5/KTR-72502946/dpc-207-KTR-72502946.png,gs://tanzania_02032026/TZ2025-Box5/KTR-72502946/fluorescent-207-KTR-72502946.png
208,very dense,heavy rouleaux,very dense,heavy rouleaux,0.7466855987638127,0.6611890948609611,False,0.0,1.6643,gs://tanzania_02032026/TZ2025-Box5/KTR-72502946/dpc-208-KTR-72502946.png,gs://tanzania_02032026/TZ2025-Box5/KTR-72502946/fluorescent-208-KTR-72502946.png
209,very dense,heavy rouleaux,very dense,heavy rouleaux,0.7307614685811932,0.6343072210121945,False,0.0238,2.1929,gs://tanzania_02032026/TZ2025-Box5/KTR-72502946/dpc-209-KTR-72502946.png,gs://tanzania_02032026/TZ2025-Box5/KTR-72502946/fluorescent-209-KTR-72502946.png
210,very dense,heavy rouleaux,very dense,heavy rouleaux,0.7284769608206516,0.628786467356577,False,0.0,1.7399,gs://tanzania_02032026/TZ2025-Box5/KTR-72502946/dpc-210-KTR-72502946.png,gs://tanzania_02032026/TZ2025-Box5/KTR-72502946/fluorescent-210-KTR-72502946.png
211,very dense,heavy rouleaux,very dense,heavy rouleaux,0.7296107631596381,0.6446899408653465,False,0.0,1.6254,gs://tanzania_02032026/TZ2025-Box5/KTR-72502946/dpc-211-KTR-72502946.png,gs://tanzania_02032026/TZ2025-Box5/KTR-72502946/fluorescent-211-KTR-72502946.png
212,very dense,heavy rouleaux,very dense,heavy rouleaux,0.7149511042374328,0.6496406657015115,False,0.0,1.5094,gs://tanzania_02032026/TZ2025-Box5/KTR-72502946/dpc-212-KTR-72502946.png,gs://tanzania_02032026/TZ2025-Box5/KTR-72502946/fluorescent-212-KTR-72502946.png
213,very dense,heavy rouleaux,dense,rouleaux,0.6636197853573633,0.5863675514300172,False,0.0,1.3218,gs://tanzania_02032026/TZ2025-Box5/KTR-72502946/dpc-213-KTR-72502946.png,gs://tanzania_02032026/TZ2025-Box5/KTR-72502946/fluorescent-213-KTR-72502946.png
214,very dense,heavy rouleaux,very dense,heavy rouleaux,0.7122811356952756,0.6425840894728845,False,0.0,1.5929,gs://tanzania_02032026/TZ2025-Box5/KTR-72502946/dpc-214-KTR-72502946.png,gs://tanzania_02032026/TZ2025-Box5/KTR-72502946/fluorescent-214-KTR-72502946.png
215,very dense,heavy rouleaux,very dense,heavy rouleaux,0.7085790637259604,0.6411056082152978,False,0.0,1.5278,gs://tanzania_02032026/TZ2025-Box5/KTR-72502946/dpc-215-KTR-72502946.png,gs://tanzania_02032026/TZ2025-Box5/KTR-72502946/fluorescent-215-KTR-72502946.png
216,very dense,heavy rouleaux,dense,rouleaux,0.6410985340728471,0.5450448791361566,False,0.0,1.4105,gs://tanzania_02032026/TZ2025-Box5/KTR-72502946/dpc-216-KTR-72502946.png,gs://tanzania_02032026/TZ2025-Box5/KTR-72502946/fluorescent-216-KTR-72502946.png
217,monolayer,no rouleaux,monolayer,no rouleaux,0.4317755917276808,0.33194607452173924,False,0.0,1.3006,gs://tanzania_02032026/TZ2025-Box5/KTR-72502946/dpc-217-KTR-72502946.png,gs://tanzania_02032026/TZ2025-Box5/KTR-72502946/fluorescent-217-KTR-72502946.png
218,monolayer,no rouleaux,monolayer,no rouleaux,0.3996052098936673,0.2976517428814107,False,0.0,1.3551,gs://tanzania_02032026/TZ2025-Box5/KTR-72502946/dpc-218-KTR-72502946.png,gs://tanzania_02032026/TZ2025-Box5/KTR-72502946/fluorescent-218-KTR-72502946.png
219,monolayer,no rouleaux,monolayer,no rouleaux,0.40210963094730084,0.3176822537778362,False,0.0,1.6573,gs://tanzania_02032026/TZ2025-Box5/KTR-72502946/dpc-219-KTR-72502946.png,gs://tanzania_02032026/TZ2025-Box5/KTR-72502946/fluorescent-219-KTR-72502946.png
220,monolayer,no rouleaux,monolayer,no rouleaux,0.3561963169197198,0.2607745071776373,False,0.0,1.318,gs://tanzania_02032026/TZ2025-Box5/KTR-72502946/dpc-220-KTR-72502946.png,gs://tanzania_02032026/TZ2025-Box5/KTR-72502946/fluorescent-220-KTR-72502946.png
221,monolayer,no rouleaux,monolayer,no rouleaux,0.3631867882574199,0.2675544073784283,False,0.0,1.4429,gs://tanzania_02032026/TZ2025-Box5/KTR-72502946/dpc-221-KTR-72502946.png,gs://tanzania_02032026/TZ2025-Box5/KTR-72502946/fluorescent-221-KTR-72502946.png
222,monolayer,no rouleaux,monolayer,no rouleaux,0.38304272100260667,0.282840098699065,False,0.0,1.3175,gs://tanzania_02032026/TZ2025-Box5/KTR-72502946/dpc-222-KTR-72502946.png,gs://tanzania_02032026/TZ2025-Box5/KTR-72502946/fluorescent-222-KTR-72502946.png
223,monolayer,no rouleaux,monolayer,no rouleaux,0.38960772469024146,0.2922340919518354,False,0.0,1.3471,gs://tanzania_02032026/TZ2025-Box5/KTR-72502946/dpc-223-KTR-72502946.png,gs://tanzania_02032026/TZ2025-Box5/KTR-72502946/fluorescent-223-KTR-72502946.png
224,monolayer,slight rouleaux,monolayer,no rouleaux,0.4287302608696411,0.32621269674698583,False,0.0,1.4145,gs://tanzania_02032026/TZ2025-Box5/KTR-72502946/dpc-224-KTR-72502946.png,gs://tanzania_02032026/TZ2025-Box5/KTR-72502946/fluorescent-224-KTR-72502946.png
225,monolayer,no rouleaux,monolayer,no rouleaux,0.41869830390011054,0.3256016290252425,False,0.0,1.364,gs://tanzania_02032026/TZ2025-Box5/KTR-72502946/dpc-225-KTR-72502946.png,gs://tanzania_02032026/TZ2025-Box5/KTR-72502946/fluorescent-225-KTR-72502946.png
226,slightly dense,rouleaux,very dense,heavy rouleaux,0.6849627802489436,0.6883631627781781,False,0.0,1.4417,gs://tanzania_02032026/TZ2025-Box5/KTR-72502946/dpc-226-KTR-72502946.png,gs://tanzania_02032026/TZ2025-Box5/KTR-72502946/fluorescent-226-KTR-72502946.png
227,dense,heavy rouleaux,very dense,heavy rouleaux,0.6863748198304254,0.6474654974773418,False,0.0,1.6832,gs://tanzania_02032026/TZ2025-Box5/KTR-72502946/dpc-227-KTR-72502946.png,gs://tanzania_02032026/TZ2025-Box5/KTR-72502946/fluorescent-227-KTR-72502946.png
228,dense,heavy rouleaux,very dense,heavy rouleaux,0.7019919166533638,0.6657851610527336,False,0.0,2.0507,gs://tanzania_02032026/TZ2025-Box5/KTR-72502946/dpc-228-KTR-72502946.png,gs://tanzania_02032026/TZ2025-Box5/KTR-72502946/fluorescent-228-KTR-72502946.png
229,dense,heavy rouleaux,dense,rouleaux,0.6500622918625307,0.5830877145258367,False,0.0,1.3164,gs://tanzania_02032026/TZ2025-Box5/KTR-72502946/dpc-229-KTR-72502946.png,gs://tanzania_02032026/TZ2025-Box5/KTR-72502946/fluorescent-229-KTR-72502946.png
230,dense,rouleaux,dense,rouleaux,0.6671468525480874,0.6012709010582945,False,0.0,1.3085,gs://tanzania_02032026/TZ2025-Box5/KTR-72502946/dpc-230-KTR-72502946.png,gs://tanzania_02032026/TZ2025-Box5/KTR-72502946/fluorescent-230-KTR-72502946.png
231,dense,heavy rouleaux,dense,rouleaux,0.6350939281769657,0.5494461920087759,False,0.0,1.6606,gs://tanzania_02032026/TZ2025-Box5/KTR-72502946/dpc-231-KTR-72502946.png,gs://tanzania_02032026/TZ2025-Box5/KTR-72502946/fluorescent-231-KTR-72502946.png
232,dense,rouleaux,dense,rouleaux,0.6649089810241227,0.5751975827068497,False,0.0,1.5775,gs://tanzania_02032026/TZ2025-Box5/KTR-72502946/dpc-232-KTR-72502946.png,gs://tanzania_02032026/TZ2025-Box5/KTR-72502946/fluorescent-232-KTR-72502946.png
233,dense,rouleaux,dense,rouleaux,0.6302804257157668,0.5494431582969465,False,0.0,1.4555,gs://tanzania_02032026/TZ2025-Box5/KTR-72502946/dpc-233-KTR-72502946.png,gs://tanzania_02032026/TZ2025-Box5/KTR-72502946/fluorescent-233-KTR-72502946.png
234,dense,rouleaux,slightly dense,some rouleaux,0.5757932557383179,0.47782002378799343,False,0.0,1.5013,gs://tanzania_02032026/TZ2025-Box5/KTR-72502946/dpc-234-KTR-72502946.png,gs://tanzania_02032026/TZ2025-Box5/KTR-72502946/fluorescent-234-KTR-72502946.png
235,monolayer,no rouleaux,slightly dense,slight rouleaux,0.4853563108826301,0.3792511706079166,False,0.0,1.3547,gs://tanzania_02032026/TZ2025-Box5/KTR-72502946/dpc-235-KTR-72502946.png,gs://tanzania_02032026/TZ2025-Box5/KTR-72502946/fluorescent-235-KTR-72502946.png
236,monolayer,no rouleaux,monolayer,no rouleaux,0.4528668380838749,0.3446066804088868,False,0.0,1.6831,gs://tanzania_02032026/TZ2025-Box5/KTR-72502946/dpc-236-KTR-72502946.png,gs://tanzania_02032026/TZ2025-Box5/KTR-72502946/fluorescent-236-KTR-72502946.png
237,monolayer,no rouleaux,monolayer,no rouleaux,0.42362922729530195,0.3198096960855764,False,0.0,1.2497,gs://tanzania_02032026/TZ2025-Box5/KTR-72502946/dpc-237-KTR-72502946.png,gs://tanzania_02032026/TZ2025-Box5/KTR-72502946/fluorescent-237-KTR-72502946.png
238,monolayer,no rouleaux,monolayer,no rouleaux,0.4314580323858736,0.33625615933727987,False,0.0,1.2896,gs://tanzania_02032026/TZ2025-Box5/KTR-72502946/dpc-238-KTR-72502946.png,gs://tanzania_02032026/TZ2025-Box5/KTR-72502946/fluorescent-238-KTR-72502946.png
239,monolayer,no rouleaux,monolayer,no rouleaux,0.4148031258409503,0.31428982685938944,False,0.0,1.3498,gs://tanzania_02032026/TZ2025-Box5/KTR-72502946/dpc-239-KTR-72502946.png,gs://tanzania_02032026/TZ2025-Box5/KTR-72502946/fluorescent-239-KTR-72502946.png
240,monolayer,no rouleaux,monolayer,no rouleaux,0.4358062494028586,0.32677948397635187,False,0.0,1.2488,gs://tanzania_02032026/TZ2025-Box5/KTR-72502946/dpc-240-KTR-72502946.png,gs://tanzania_02032026/TZ2025-Box5/KTR-72502946/fluorescent-240-KTR-72502946.png
241,monolayer,no rouleaux,monolayer,no rouleaux,0.4327419480015809,0.3226985998680963,False,0.0,1.2401,gs://tanzania_02032026/TZ2025-Box5/KTR-72502946/dpc-241-KTR-72502946.png,gs://tanzania_02032026/TZ2025-Box5/KTR-72502946/fluorescent-241-KTR-72502946.png
242,monolayer,no rouleaux,monolayer,no rouleaux,0.4495668121553641,0.34191802285693856,False,0.0,1.245,gs://tanzania_02032026/TZ2025-Box5/KTR-72502946/dpc-242-KTR-72502946.png,gs://tanzania_02032026/TZ2025-Box5/KTR-72502946/fluorescent-242-KTR-72502946.png
243,monolayer,no rouleaux,monolayer,no rouleaux,0.42947710555884533,0.3158776548937544,False,0.0,1.2463,gs://tanzania_02032026/TZ2025-Box5/KTR-72502946/dpc-243-KTR-72502946.png,gs://tanzania_02032026/TZ2025-Box5/KTR-72502946/fluorescent-243-KTR-72502946.png
244,slightly dense,slight rouleaux,monolayer,no rouleaux,0.44665859785796425,0.33247579735565197,False,0.0,1.2718,gs://tanzania_02032026/TZ2025-Box5/KTR-72502946/dpc-244-KTR-72502946.png,gs://tanzania_02032026/TZ2025-Box5/KTR-72502946/fluorescent-244-KTR-72502946.png
245,slightly dense,slight rouleaux,monolayer,no rouleaux,0.4478347821311116,0.33640139685629794,False,0.0,1.4364,gs://tanzania_02032026/TZ2025-Box5/KTR-72502946/dpc-245-KTR-72502946.png,gs://tanzania_02032026/TZ2025-Box5/KTR-72502946/fluorescent-245-KTR-72502946.png
246,slightly dense,slight rouleaux,slightly dense,slight rouleaux,0.47548235844469716,0.36318251458831124,False,0.0,1.3194,gs://tanzania_02032026/TZ2025-Box5/KTR-72502946/dpc-246-KTR-72502946.png,gs://tanzania_02032026/TZ2025-Box5/KTR-72502946/fluorescent-246-KTR-72502946.png
247,slightly dense,slight rouleaux,slightly dense,slight rouleaux,0.5190515587756368,0.3995970427569029,False,0.0,1.3016,gs://tanzania_02032026/TZ2025-Box5/KTR-72502946/dpc-247-KTR-72502946.png,gs://tanzania_02032026/TZ2025-Box5/KTR-72502946/fluorescent-247-KTR-72502946.png
248,slightly dense,slight rouleaux,slightly dense,slight rouleaux,0.5368075092928533,0.42797566377383084,False,0.0,2.0157,gs://tanzania_02032026/TZ2025-Box5/KTR-72502946/dpc-248-KTR-72502946.png,gs://tanzania_02032026/TZ2025-Box5/KTR-72502946/fluorescent-248-KTR-72502946.png
249,slightly dense,some rouleaux,slightly dense,slight rouleaux,0.49272106050111686,0.38125587163879265,False,0.0,1.3233,gs://tanzania_02032026/TZ2025-Box5/KTR-72502946/dpc-249-KTR-72502946.png,gs://tanzania_02032026/TZ2025-Box5/KTR-72502946/fluorescent-249-KTR-72502946.png
250,slightly dense,some rouleaux,slightly dense,some rouleaux,0.582381151462847,0.4659075544972943,False,0.0,1.4322,gs://tanzania_02032026/TZ2025-Box5/KTR-72502946/dpc-250-KTR-72502946.png,gs://tanzania_02032026/TZ2025-Box5/KTR-72502946/fluorescent-250-KTR-72502946.png
251,slightly dense,slight rouleaux,slightly dense,slight rouleaux,0.5469664066627683,0.43436944750327133,False,0.0,1.3303,gs://tanzania_02032026/TZ2025-Box5/KTR-72502946/dpc-251-KTR-72502946.png,gs://tanzania_02032026/TZ2025-Box5/KTR-72502946/fluorescent-251-KTR-72502946.png
252,slightly dense,some rouleaux,slightly dense,slight rouleaux,0.5310937435662388,0.42153320853334164,False,0.0,1.4153,gs://tanzania_02032026/TZ2025-Box5/KTR-72502946/dpc-252-KTR-72502946.png,gs://tanzania_02032026/TZ2025-Box5/KTR-72502946/fluorescent-252-KTR-72502946.png
253,monolayer,no rouleaux,slightly dense,slight rouleaux,0.4732474339253212,0.37053716874391024,False,0.0,1.3501,gs://tanzania_02032026/TZ2025-Box5/KTR-72502946/dpc-253-KTR-72502946.png,gs://tanzania_02032026/TZ2025-Box5/KTR-72502946/fluorescent-253-KTR-72502946.png
254,monolayer,no rouleaux,slightly dense,slight rouleaux,0.4875807872883705,0.3846085815551343,False,0.0,1.5093,gs://tanzania_02032026/TZ2025-Box5/KTR-72502946/dpc-254-KTR-72502946.png,gs://tanzania_02032026/TZ2025-Box5/KTR-72502946/fluorescent-254-KTR-72502946.png
255,monolayer,no rouleaux,slightly dense,slight rouleaux,0.4706868650474516,0.3768240304078778,False,0.0,1.5866,gs://tanzania_02032026/TZ2025-Box5/KTR-72502946/dpc-255-KTR-72502946.png,gs://tanzania_02032026/TZ2025-Box5/KTR-72502946/fluorescent-255-KTR-72502946.png
256,monolayer,no rouleaux,monolayer,no rouleaux,0.43395984268020943,0.3345391272860843,False,0.0,1.2953,gs://tanzania_02032026/TZ2025-Box5/KTR-72502946/dpc-256-KTR-72502946.png,gs://tanzania_02032026/TZ2025-Box5/KTR-72502946/fluorescent-256-KTR-72502946.png
257,monolayer,no rouleaux,monolayer,no rouleaux,0.43749480546324154,0.3437158569314668,False,0.0,1.4069,gs://tanzania_02032026/TZ2025-Box5/KTR-72502946/dpc-257-KTR-72502946.png,gs://tanzania_02032026/TZ2025-Box5/KTR-72502946/fluorescent-257-KTR-72502946.png
258,monolayer,no rouleaux,slightly dense,slight rouleaux,0.4646945845448565,0.3583343941353184,False,0.0,1.4699,gs://tanzania_02032026/TZ2025-Box5/KTR-72502946/dpc-258-KTR-72502946.png,gs://tanzania_02032026/TZ2025-Box5/KTR-72502946/fluorescent-258-KTR-72502946.png
259,monolayer,no rouleaux,slightly dense,slight rouleaux,0.47293288843419073,0.3606080025630602,False,0.0,1.3151,gs://tanzania_02032026/TZ2025-Box5/KTR-72502946/dpc-259-KTR-72502946.png,gs://tanzania_02032026/TZ2025-Box5/KTR-72502946/fluorescent-259-KTR-72502946.png
260,monolayer,no rouleaux,slightly dense,no rouleaux,0.461112906270962,0.34845669008274194,False,0.0,1.5186,gs://tanzania_02032026/TZ2025-Box5/KTR-72502946/dpc-260-KTR-72502946.png,gs://tanzania_02032026/TZ2025-Box5/KTR-72502946/fluorescent-260-KTR-72502946.png
261,monolayer,no rouleaux,slightly dense,slight rouleaux,0.47318402888319877,0.35823201489307765,False,0.0,1.4211,gs://tanzania_02032026/TZ2025-Box5/KTR-72502946/dpc-261-KTR-72502946.png,gs://tanzania_02032026/TZ2025-Box5/KTR-72502946/fluorescent-261-KTR-72502946.png
262,monolayer,no rouleaux,slightly dense,slight rouleaux,0.47241728628884583,0.3626595549983686,False,0.0,1.3292,gs://tanzania_02032026/TZ2025-Box5/KTR-72502946/dpc-262-KTR-72502946.png,gs://tanzania_02032026/TZ2025-Box5/KTR-72502946/fluorescent-262-KTR-72502946.png
263,monolayer,no rouleaux,slightly dense,slight rouleaux,0.4766319332276501,0.3639671024838337,False,0.0,1.3087,gs://tanzania_02032026/TZ2025-Box5/KTR-72502946/dpc-263-KTR-72502946.png,gs://tanzania_02032026/TZ2025-Box5/KTR-72502946/fluorescent-263-KTR-72502946.png
264,monolayer,no rouleaux,slightly dense,no rouleaux,0.4623567672846211,0.3494702064509839,False,0.0,1.3227,gs://tanzania_02032026/TZ2025-Box5/KTR-72502946/dpc-264-KTR-72502946.png,gs://tanzania_02032026/TZ2025-Box5/KTR-72502946/fluorescent-264-KTR-72502946.png
265,monolayer,no rouleaux,slightly dense,slight rouleaux,0.48433731750871234,0.3792907841460029,False,0.0,1.4445,gs://tanzania_02032026/TZ2025-Box5/KTR-72502946/dpc-265-KTR-72502946.png,gs://tanzania_02032026/TZ2025-Box5/KTR-72502946/fluorescent-265-KTR-72502946.png
266,monolayer,no rouleaux,slightly dense,no rouleaux,0.46035836441450384,0.35082107098427995,False,0.0,1.3717,gs://tanzania_02032026/TZ2025-Box5/KTR-72502946/dpc-266-KTR-72502946.png,gs://tanzania_02032026/TZ2025-Box5/KTR-72502946/fluorescent-266-KTR-72502946.png
267,monolayer,no rouleaux,monolayer,no rouleaux,0.44861193105593705,0.33962560820048,False,0.0,1.5877,gs://tanzania_02032026/TZ2025-Box5/KTR-72502946/dpc-267-KTR-72502946.png,gs://tanzania_02032026/TZ2025-Box5/KTR-72502946/fluorescent-267-KTR-72502946.png
268,monolayer,slight rouleaux,slightly dense,slight rouleaux,0.4951616727172239,0.3810389437381163,False,0.0,1.4088,gs://tanzania_02032026/TZ2025-Box5/KTR-72502946/dpc-268-KTR-72502946.png,gs://tanzania_02032026/TZ2025-Box5/KTR-72502946/fluorescent-268-KTR-72502946.png
269,monolayer,slight rouleaux,slightly dense,slight rouleaux,0.505777186015828,0.3997030043799829,False,0.0,1.2773,gs://tanzania_02032026/TZ2025-Box5/KTR-72502946/dpc-269-KTR-72502946.png,gs://tanzania_02032026/TZ2025-Box5/KTR-72502946/fluorescent-269-KTR-72502946.png
270,monolayer,slight rouleaux,monolayer,no rouleaux,0.44658294468327087,0.3386658027525929,False,0.0,1.2598,gs://tanzania_02032026/TZ2025-Box5/KTR-72502946/dpc-270-KTR-72502946.png,gs://tanzania_02032026/TZ2025-Box5/KTR-72502946/fluorescent-270-KTR-72502946.png
271,sparser,no rouleaux,monolayer,no rouleaux,0.39957108158351123,0.33226424742665867,False,0.0,1.3448,gs://tanzania_02032026/TZ2025-Box5/KTR-72502946/dpc-271-KTR-72502946.png,gs://tanzania_02032026/TZ2025-Box5/KTR-72502946/fluorescent-271-KTR-72502946.png
272,monolayer,no rouleaux,monolayer,no rouleaux,0.41898239052875547,0.3309774259948526,False,0.0,1.3633,gs://tanzania_02032026/TZ2025-Box5/KTR-72502946/dpc-272-KTR-72502946.png,gs://tanzania_02032026/TZ2025-Box5/KTR-72502946/fluorescent-272-KTR-72502946.png
273,monolayer,no rouleaux,monolayer,no rouleaux,0.4196702686140055,0.32335149347406367,False,0.0,1.387,gs://tanzania_02032026/TZ2025-Box5/KTR-72502946/dpc-273-KTR-72502946.png,gs://tanzania_02032026/TZ2025-Box5/KTR-72502946/fluorescent-273-KTR-72502946.png
274,monolayer,no rouleaux,monolayer,no rouleaux,0.4164097479346072,0.3233096067118922,False,0.0,1.3629,gs://tanzania_02032026/TZ2025-Box5/KTR-72502946/dpc-274-KTR-72502946.png,gs://tanzania_02032026/TZ2025-Box5/KTR-72502946/fluorescent-274-KTR-72502946.png
275,monolayer,no rouleaux,monolayer,no rouleaux,0.41950935100698034,0.326844382338616,False,0.0,1.4425,gs://tanzania_02032026/TZ2025-Box5/KTR-72502946/dpc-275-KTR-72502946.png,gs://tanzania_02032026/TZ2025-Box5/KTR-72502946/fluorescent-275-KTR-72502946.png
276,monolayer,no rouleaux,slightly dense,slight rouleaux,0.4690448223560551,0.3650701758602879,False,0.0,1.3282,gs://tanzania_02032026/TZ2025-Box5/KTR-72502946/dpc-276-KTR-72502946.png,gs://tanzania_02032026/TZ2025-Box5/KTR-72502946/fluorescent-276-KTR-72502946.png
277,monolayer,no rouleaux,slightly dense,slight rouleaux,0.4813086321974053,0.3744897310891084,False,0.0,1.8825,gs://tanzania_02032026/TZ2025-Box5/KTR-72502946/dpc-277-KTR-72502946.png,gs://tanzania_02032026/TZ2025-Box5/KTR-72502946/fluorescent-277-KTR-72502946.png
278,monolayer,no rouleaux,monolayer,no rouleaux,0.44315341676672765,0.3401867733611132,False,0.0,1.3257,gs://tanzania_02032026/TZ2025-Box5/KTR-72502946/dpc-278-KTR-72502946.png,gs://tanzania_02032026/TZ2025-Box5/KTR-72502946/fluorescent-278-KTR-72502946.png
279,monolayer,no rouleaux,slightly dense,slight rouleaux,0.4686239255895235,0.3578600285645952,False,0.0,1.2797,gs://tanzania_02032026/TZ2025-Box5/KTR-72502946/dpc-279-KTR-72502946.png,gs://tanzania_02032026/TZ2025-Box5/KTR-72502946/fluorescent-279-KTR-72502946.png
280,monolayer,no rouleaux,slightly dense,slight rouleaux,0.48413371526446614,0.38764676004685555,False,0.0321,2.2251,gs://tanzania_02032026/TZ2025-Box5/KTR-72502946/dpc-280-KTR-72502946.png,gs://tanzania_02032026/TZ2025-Box5/KTR-72502946/fluorescent-280-KTR-72502946.png
281,monolayer,no rouleaux,slightly dense,slight rouleaux,0.47118001687133004,0.36005176607446815,False,0.0,1.6862,gs://tanzania_02032026/TZ2025-Box5/KTR-72502946/dpc-281-KTR-72502946.png,gs://tanzania_02032026/TZ2025-Box5/KTR-72502946/fluorescent-281-KTR-72502946.png
282,monolayer,no rouleaux,monolayer,no rouleaux,0.44931341722107365,0.3382982478056673,False,0.0,1.2688,gs://tanzania_02032026/TZ2025-Box5/KTR-72502946/dpc-282-KTR-72502946.png,gs://tanzania_02032026/TZ2025-Box5/KTR-72502946/fluorescent-282-KTR-72502946.png
283,monolayer,no rouleaux,monolayer,no rouleaux,0.43660228152204344,0.32896518460783974,False,0.0,1.233,gs://tanzania_02032026/TZ2025-Box5/KTR-72502946/dpc-283-KTR-72502946.png,gs://tanzania_02032026/TZ2025-Box5/KTR-72502946/fluorescent-283-KTR-72502946.png
284,monolayer,no rouleaux,monolayer,no rouleaux,0.42999145079291046,0.3241087076049458,False,0.0,1.3154,gs://tanzania_02032026/TZ2025-Box5/KTR-72502946/dpc-284-KTR-72502946.png,gs://tanzania_02032026/TZ2025-Box5/KTR-72502946/fluorescent-284-KTR-72502946.png
285,monolayer,no rouleaux,monolayer,no rouleaux,0.4141488067133038,0.31200858267472015,False,0.0,1.2793,gs://tanzania_02032026/TZ2025-Box5/KTR-72502946/dpc-285-KTR-72502946.png,gs://tanzania_02032026/TZ2025-Box5/KTR-72502946/fluorescent-285-KTR-72502946.png
286,monolayer,no rouleaux,monolayer,no rouleaux,0.4354760879389857,0.32667923695505313,False,0.0,1.1764,gs://tanzania_02032026/TZ2025-Box5/KTR-72502946/dpc-286-KTR-72502946.png,gs://tanzania_02032026/TZ2025-Box5/KTR-72502946/fluorescent-286-KTR-72502946.png
287,monolayer,no rouleaux,monolayer,no rouleaux,0.4224464968846307,0.31980502296579333,False,0.0,1.2851,gs://tanzania_02032026/TZ2025-Box5/KTR-72502946/dpc-287-KTR-72502946.png,gs://tanzania_02032026/TZ2025-Box5/KTR-72502946/fluorescent-287-KTR-72502946.png
288,monolayer,no rouleaux,monolayer,no rouleaux,0.40188429075203164,0.29766916287057976,False,0.0,1.3168,gs://tanzania_02032026/TZ2025-Box5/KTR-72502946/dpc-288-KTR-72502946.png,gs://tanzania_02032026/TZ2025-Box5/KTR-72502946/fluorescent-288-KTR-72502946.png
289,sparser,no rouleaux,monolayer,no rouleaux,0.36875815529127,0.35552371102607816,False,0.0,1.305,gs://tanzania_02032026/TZ2025-Box5/KTR-72502946/dpc-289-KTR-72502946.png,gs://tanzania_02032026/TZ2025-Box5/KTR-72502946/fluorescent-289-KTR-72502946.png
290,monolayer,no rouleaux,monolayer,no rouleaux,0.3761173572983858,0.3104484504463909,False,0.0,1.2808,gs://tanzania_02032026/TZ2025-Box5/KTR-72502946/dpc-290-KTR-72502946.png,gs://tanzania_02032026/TZ2025-Box5/KTR-72502946/fluorescent-290-KTR-72502946.png
291,monolayer,no rouleaux,monolayer,no rouleaux,0.3935915695330782,0.3335706330852341,False,0.0,1.3582,gs://tanzania_02032026/TZ2025-Box5/KTR-72502946/dpc-291-KTR-72502946.png,gs://tanzania_02032026/TZ2025-Box5/KTR-72502946/fluorescent-291-KTR-72502946.png
292,monolayer,no rouleaux,monolayer,no rouleaux,0.39510057259767095,0.3355243549883085,False,0.0,1.2801,gs://tanzania_02032026/TZ2025-Box5/KTR-72502946/dpc-292-KTR-72502946.png,gs://tanzania_02032026/TZ2025-Box5/KTR-72502946/fluorescent-292-KTR-72502946.png
293,monolayer,no rouleaux,monolayer,no rouleaux,0.40618976431022846,0.3288207798570213,False,0.0,1.3015,gs://tanzania_02032026/TZ2025-Box5/KTR-72502946/dpc-293-KTR-72502946.png,gs://tanzania_02032026/TZ2025-Box5/KTR-72502946/fluorescent-293-KTR-72502946.png
294,monolayer,no rouleaux,monolayer,no rouleaux,0.43625773847371335,0.3354243258496075,False,0.0,1.3671,gs://tanzania_02032026/TZ2025-Box5/KTR-72502946/dpc-294-KTR-72502946.png,gs://tanzania_02032026/TZ2025-Box5/KTR-72502946/fluorescent-294-KTR-72502946.png
295,monolayer,no rouleaux,monolayer,no rouleaux,0.44407839826775686,0.3384340160691867,False,0.0,1.4349,gs://tanzania_02032026/TZ2025-Box5/KTR-72502946/dpc-295-KTR-72502946.png,gs://tanzania_02032026/TZ2025-Box5/KTR-72502946/fluorescent-295-KTR-72502946.png
296,monolayer,no rouleaux,monolayer,no rouleaux,0.43698813072585463,0.3460084508210966,False,0.0,1.5681,gs://tanzania_02032026/TZ2025-Box5/KTR-72502946/dpc-296-KTR-72502946.png,gs://tanzania_02032026/TZ2025-Box5/KTR-72502946/fluorescent-296-KTR-72502946.png
297,monolayer,no rouleaux,monolayer,no rouleaux,0.45049802594109045,0.34256102544108236,False,0.0,1.3967,gs://tanzania_02032026/TZ2025-Box5/KTR-72502946/dpc-297-KTR-72502946.png,gs://tanzania_02032026/TZ2025-Box5/KTR-72502946/fluorescent-297-KTR-72502946.png
298,monolayer,no rouleaux,slightly dense,slight rouleaux,0.47276086247142424,0.378115211210152,False,0.0,1.7908,gs://tanzania_02032026/TZ2025-Box5/KTR-72502946/dpc-298-KTR-72502946.png,gs://tanzania_02032026/TZ2025-Box5/KTR-72502946/fluorescent-298-KTR-72502946.png
299,monolayer,no rouleaux,monolayer,no rouleaux,0.4331359431111972,0.3257859053593837,False,0.0,1.2808,gs://tanzania_02032026/TZ2025-Box5/KTR-72502946/dpc-299-KTR-72502946.png,gs://tanzania_02032026/TZ2025-Box5/KTR-72502946/fluorescent-299-KTR-72502946.png
300,monolayer,no rouleaux,monolayer,no rouleaux,0.4259141994477914,0.3173483464532008,False,0.0,1.2867,gs://tanzania_02032026/TZ2025-Box5/KTR-72502946/dpc-300-KTR-72502946.png,gs://tanzania_02032026/TZ2025-Box5/KTR-72502946/fluorescent-300-KTR-72502946.png
301,monolayer,no rouleaux,monolayer,no rouleaux,0.41772260261966254,0.3162989141125916,False,0.0,1.368,gs://tanzania_02032026/TZ2025-Box5/KTR-72502946/dpc-301-KTR-72502946.png,gs://tanzania_02032026/TZ2025-Box5/KTR-72502946/fluorescent-301-KTR-72502946.png
302,monolayer,no rouleaux,monolayer,no rouleaux,0.41107556523022926,0.30952038110440583,False,0.0,2.0016,gs://tanzania_02032026/TZ2025-Box5/KTR-72502946/dpc-302-KTR-72502946.png,gs://tanzania_02032026/TZ2025-Box5/KTR-72502946/fluorescent-302-KTR-72502946.png
303,monolayer,no rouleaux,monolayer,no rouleaux,0.3939408615403325,0.28915781834561044,False,0.0,1.2885,gs://tanzania_02032026/TZ2025-Box5/KTR-72502946/dpc-303-KTR-72502946.png,gs://tanzania_02032026/TZ2025-Box5/KTR-72502946/fluorescent-303-KTR-72502946.png
304,monolayer,no rouleaux,monolayer,no rouleaux,0.4009701674441496,0.298398731831365,False,0.0,1.2205,gs://tanzania_02032026/TZ2025-Box5/KTR-72502946/dpc-304-KTR-72502946.png,gs://tanzania_02032026/TZ2025-Box5/KTR-72502946/fluorescent-304-KTR-72502946.png
305,monolayer,no rouleaux,monolayer,no rouleaux,0.3664615653262364,0.2713402337957243,False,0.0,1.3182,gs://tanzania_02032026/TZ2025-Box5/KTR-72502946/dpc-305-KTR-72502946.png,gs://tanzania_02032026/TZ2025-Box5/KTR-72502946/fluorescent-305-KTR-72502946.png
306,monolayer,no rouleaux,monolayer,no rouleaux,0.3857624720662348,0.2847308169825382,False,0.0,1.2804,gs://tanzania_02032026/TZ2025-Box5/KTR-72502946/dpc-306-KTR-72502946.png,gs://tanzania_02032026/TZ2025-Box5/KTR-72502946/fluorescent-306-KTR-72502946.png
307,sparser,no rouleaux,sparser,no rouleaux,0.23475514654164126,0.29255236017320035,False,0.0,1.3128,gs://tanzania_02032026/TZ2025-Box5/KTR-72502946/dpc-307-KTR-72502946.png,gs://tanzania_02032026/TZ2025-Box5/KTR-72502946/fluorescent-307-KTR-72502946.png
308,sparser,no rouleaux,monolayer,no rouleaux,0.30946470806064524,0.26718533415548484,False,0.0,1.7442,gs://tanzania_02032026/TZ2025-Box5/KTR-72502946/dpc-308-KTR-72502946.png,gs://tanzania_02032026/TZ2025-Box5/KTR-72502946/fluorescent-308-KTR-72502946.png
309,sparser,no rouleaux,monolayer,no rouleaux,0.29532322974432784,0.2601832265080853,False,0.0,1.3029,gs://tanzania_02032026/TZ2025-Box5/KTR-72502946/dpc-309-KTR-72502946.png,gs://tanzania_02032026/TZ2025-Box5/KTR-72502946/fluorescent-309-KTR-72502946.png
310,sparser,no rouleaux,monolayer,no rouleaux,0.3394788387722815,0.31146658248387155,False,0.0,1.5088,gs://tanzania_02032026/TZ2025-Box5/KTR-72502946/dpc-310-KTR-72502946.png,gs://tanzania_02032026/TZ2025-Box5/KTR-72502946/fluorescent-310-KTR-72502946.png
311,monolayer,no rouleaux,monolayer,no rouleaux,0.35629498532606907,0.3087111360911373,False,0.0,1.4845,gs://tanzania_02032026/TZ2025-Box5/KTR-72502946/dpc-311-KTR-72502946.png,gs://tanzania_02032026/TZ2025-Box5/KTR-72502946/fluorescent-311-KTR-72502946.png
312,monolayer,no rouleaux,monolayer,no rouleaux,0.4113520362995318,0.3372781510718209,False,0.0,1.3782,gs://tanzania_02032026/TZ2025-Box5/KTR-72502946/dpc-312-KTR-72502946.png,gs://tanzania_02032026/TZ2025-Box5/KTR-72502946/fluorescent-312-KTR-72502946.png
313,monolayer,no rouleaux,monolayer,no rouleaux,0.4069416273271391,0.3262057596754766,False,0.0,1.258,gs://tanzania_02032026/TZ2025-Box5/KTR-72502946/dpc-313-KTR-72502946.png,gs://tanzania_02032026/TZ2025-Box5/KTR-72502946/fluorescent-313-KTR-72502946.png
314,monolayer,no rouleaux,monolayer,slight rouleaux,0.43063937909511596,0.3613155478556528,False,0.0,1.2534,gs://tanzania_02032026/TZ2025-Box5/KTR-72502946/dpc-314-KTR-72502946.png,gs://tanzania_02032026/TZ2025-Box5/KTR-72502946/fluorescent-314-KTR-72502946.png
315,monolayer,no rouleaux,monolayer,no rouleaux,0.4290344554187919,0.3354679656908206,False,0.0,1.354,gs://tanzania_02032026/TZ2025-Box5/KTR-72502946/dpc-315-KTR-72502946.png,gs://tanzania_02032026/TZ2025-Box5/KTR-72502946/fluorescent-315-KTR-72502946.png
316,monolayer,no rouleaux,slightly dense,slight rouleaux,0.4611076065397143,0.37830447910459897,False,0.0,1.1992,gs://tanzania_02032026/TZ2025-Box5/KTR-72502946/dpc-316-KTR-72502946.png,gs://tanzania_02032026/TZ2025-Box5/KTR-72502946/fluorescent-316-KTR-72502946.png
317,monolayer,no rouleaux,monolayer,no rouleaux,0.43866281207851765,0.33163583993701623,False,0.0,1.3003,gs://tanzania_02032026/TZ2025-Box5/KTR-72502946/dpc-317-KTR-72502946.png,gs://tanzania_02032026/TZ2025-Box5/KTR-72502946/fluorescent-317-KTR-72502946.png
318,monolayer,no rouleaux,monolayer,no rouleaux,0.42265725785030583,0.3187632054083348,False,0.0,1.2955,gs://tanzania_02032026/TZ2025-Box5/KTR-72502946/dpc-318-KTR-72502946.png,gs://tanzania_02032026/TZ2025-Box5/KTR-72502946/fluorescent-318-KTR-72502946.png
319,monolayer,no rouleaux,monolayer,no rouleaux,0.41544587004336747,0.3133642683512733,False,0.0,1.2911,gs://tanzania_02032026/TZ2025-Box5/KTR-72502946/dpc-319-KTR-72502946.png,gs://tanzania_02032026/TZ2025-Box5/KTR-72502946/fluorescent-319-KTR-72502946.png
320,monolayer,no rouleaux,monolayer,no rouleaux,0.4073477547440248,0.3035062815433213,False,0.0,1.3135,gs://tanzania_02032026/TZ2025-Box5/KTR-72502946/dpc-320-KTR-72502946.png,gs://tanzania_02032026/TZ2025-Box5/KTR-72502946/fluorescent-320-KTR-72502946.png
321,monolayer,no rouleaux,monolayer,no rouleaux,0.39969852223327407,0.29988587503214964,False,0.0,1.2831,gs://tanzania_02032026/TZ2025-Box5/KTR-72502946/dpc-321-KTR-72502946.png,gs://tanzania_02032026/TZ2025-Box5/KTR-72502946/fluorescent-321-KTR-72502946.png
322,monolayer,no rouleaux,monolayer,no rouleaux,0.3927211899806114,0.29966849365652065,False,0.0,1.2627,gs://tanzania_02032026/TZ2025-Box5/KTR-72502946/dpc-322-KTR-72502946.png,gs://tanzania_02032026/TZ2025-Box5/KTR-72502946/fluorescent-322-KTR-72502946.png
323,monolayer,no rouleaux,monolayer,no rouleaux,0.40211084177069584,0.30820084572823314,False,0.0,1.3655,gs://tanzania_02032026/TZ2025-Box5/KTR-72502946/dpc-323-KTR-72502946.png,gs://tanzania_02032026/TZ2025-Box5/KTR-72502946/fluorescent-323-KTR-72502946.png
324,monolayer,no rouleaux,monolayer,no rouleaux,0.3774152695101813,0.283308803237501,False,0.0,1.5855,gs://tanzania_02032026/TZ2025-Box5/KTR-72502946/dpc-324-KTR-72502946.png,gs://tanzania_02032026/TZ2025-Box5/KTR-72502946/fluorescent-324-KTR-72502946.png
