idx,n_cells,coverage_fraction,rouleaux_fraction,n_isolated,crenation_fraction,median_area,area_cv
1,5785,0.5522487244897959,0.16490924805531548,1248,0.05929487179487179,266.0,7.986282793804988
2,5493,0.607234693877551,0.15874749681412706,1149,0.03742384682332463,278.0,10.25960589452335
3,4746,0.6102806122448979,0.14538558786346398,1082,0.04621072088724584,267.5,11.819903363229693
4,5115,0.5732566326530613,0.14252199413489736,1103,0.04895738893925657,294.0,9.098320553915029
5,5193,0.5713778061224489,0.13710764490660504,1071,0.031746031746031744,307.0,7.131869421551147
6,6159,0.5493906887755102,0.15132326676408508,1204,0.02408637873754153,304.0,8.305396605935615
7,5349,0.5490558673469388,0.13610020564591513,1262,0.029318541996830427,295.0,12.120971819954985
8,5713,0.5586390306122448,0.14108174339226326,1194,0.036013400335008376,304.0,9.60807023860359
9,5325,0.5470039540816326,0.12713615023474178,1310,0.02366412213740458,301.0,10.516031494589411
10,5858,0.5090076530612245,0.14629566404916353,1163,0.037833190025795355,322.0,4.523935353972859
11,5467,0.5468218112244898,0.1333455277117249,1253,0.02154828411811652,313.0,11.926535427121527
12,5926,0.5288436224489796,0.1400607492406345,1186,0.04468802698145025,315.0,7.302805701393072
13,6283,0.5285880102040816,0.14292535413019258,1111,0.0315031503150315,331.0,7.0004541990077
14,5364,0.5799395408163265,0.14951528709917972,878,0.03189066059225513,332.0,9.020797489343865
15,5668,0.5708150510204082,0.1489061397318278,977,0.03582395087001024,342.0,7.012613546691815
16,4758,0.6299257653061224,0.1458596048759983,763,0.035386631716906945,346.0,9.51406656422928
17,4865,0.6292789540816327,0.1527235354573484,731,0.038303693570451436,341.0,8.34872291669799
18,4381,0.663847193877551,0.14197671764437342,643,0.026438569206842923,348.0,8.1732598037334
19,4428,0.6317049744897959,0.1443089430894309,1062,0.054613935969868174,230.0,16.731932520819555
20,4237,0.664456887755102,0.13924946896388954,1060,0.05566037735849057,241.0,18.102842297957174
21,5103,0.5897766581632653,0.1369782480893592,1055,0.04928909952606635,267.0,13.402748999790047
22,4895,0.5885149234693877,0.1362614913176711,1065,0.051643192488262914,289.0,8.396024730471188
23,5359,0.524652168367347,0.13659264788206754,997,0.04312938816449348,310.0,5.702779932141764
24,5387,0.5592480867346938,0.12604418043437907,1325,0.04,282.0,20.012928460052553
25,5036,0.5659860969387756,0.12748212867355044,1256,0.028662420382165606,280.0,16.54631584705711
26,5393,0.5259341836734693,0.137956610420916,1211,0.05532617671345995,295.0,6.152674121962412
27,5007,0.5368321428571429,0.1170361493908528,1279,0.05238467552775606,287.0,26.037240885498022
28,5384,0.52813125,0.1289004457652303,1048,0.04961832061068702,335.0,4.405936986174591
29,5157,0.5422854591836734,0.1171223579600543,1234,0.03646677471636953,309.0,12.945321690452042
30,5622,0.5410727040816327,0.1271789398790466,967,0.01861427094105481,345.0,7.2656076969114585
31,6041,0.5372130102040816,0.14467803343817248,1069,0.01683816651075772,338.0,4.701702076982945
32,4948,0.6082651785714286,0.1432902182700081,869,0.026467203682393557,342.5,9.477162306998123
33,4957,0.5902571428571428,0.13657454105305628,852,0.028169014084507043,355.0,9.292382200935789
34,4169,0.6660775510204081,0.1376828975773567,651,0.026113671274961597,352.0,13.259447835992198
35,3959,0.6975602040816327,0.15029047739328114,561,0.040998217468805706,344.0,12.376682520087158
36,3901,0.6988251275510204,0.1427839015637016,558,0.014336917562724014,349.0,17.469023884693915
37,3490,0.6358952806122449,0.1180515759312321,989,0.05358948432760364,224.0,23.799412066467657
38,3583,0.6598303571428571,0.10856823890594473,1064,0.02631578947368421,244.0,25.770940129943952
39,4082,0.5496132653061224,0.10950514453699167,959,0.027111574556830033,283.0,11.656393335490263
40,4442,0.5650262755102041,0.11436289959477713,1024,0.0302734375,299.0,10.284979096657805
41,4946,0.4653469387755102,0.11868176304084109,1206,0.04228855721393035,298.0,3.5776699876639526
42,5200,0.5429367346938776,0.12192307692307693,1158,0.03367875647668394,295.0,5.804646477209721
43,4846,0.5150988520408163,0.11060668592653736,1230,0.027642276422764227,281.5,6.700783757102491
44,5201,0.5510489795918367,0.12862910978657952,1153,0.032090199479618386,299.0,6.383578560751062
45,4536,0.5450623724489796,0.1128747795414462,1037,0.04339440694310511,292.0,11.656318683490952
46,4529,0.507290306122449,0.10841245308015014,1044,0.05268199233716475,319.0,7.387007847354947
47,4926,0.5214690051020409,0.12119366626065774,1075,0.030697674418604652,317.0,6.753833003263991
48,4449,0.5946776785714286,0.11440773207462351,1004,0.03286852589641434,309.0,10.86736901170291
49,4920,0.5653862244897959,0.1264227642276423,1094,0.0283363802559415,313.0,8.329943123814347
50,4411,0.5947320153061224,0.1237814554522784,811,0.03329223181257707,332.0,8.142478541285449
51,4374,0.5872423469387755,0.13008687700045724,720,0.029166666666666667,354.0,11.559351173799984
52,4234,0.619510331632653,0.12588568729333963,797,0.04140526976160602,329.0,10.712239165872404
53,3683,0.6938529336734693,0.12978550095031224,681,0.02643171806167401,316.0,13.328297415201689
54,3802,0.7120795918367347,0.12730142030510258,633,0.018957345971563982,317.5,13.092140821871993
55,3362,0.5679266581632653,0.11392028554431886,708,0.06073446327683616,316.0,11.717044189519918
56,3755,0.5705599489795918,0.11504660452729694,801,0.02746566791510612,329.0,12.213592004990149
57,4005,0.5518591836734694,0.11635455680399501,825,0.02666666666666667,340.0,9.607660802478247
58,3619,0.47370522959183675,0.12351478308925118,654,0.047400611620795105,411.0,4.2126443148637405
59,3408,0.4850463010204082,0.13615023474178403,516,0.03488372093023256,483.0,9.143787507499038
60,3313,0.5849413265306123,0.10866284334440085,757,0.021136063408190225,338.0,23.314632495397053
61,3508,0.5553386479591836,0.10490307867730901,897,0.028985507246376812,285.0,13.764651881990165
62,3904,0.5433178571428572,0.12115778688524591,810,0.02345679012345679,345.0,6.8381349892252326
63,3711,0.5362179846938776,0.1099434114793856,833,0.028811524609843937,330.0,8.67042309573503
64,4181,0.48569362244897957,0.11624013393924898,771,0.02464332036316472,382.0,3.440842585553384
65,3370,0.5610580357142857,0.10385756676557864,913,0.038335158817086525,298.0,17.038548292215076
66,3836,0.5663461734693878,0.11783107403545359,895,0.02905027932960894,320.5,20.405592230526466
67,4169,0.5442934948979592,0.11825377788438475,837,0.021505376344086023,354.0,6.599102270012232
68,3811,0.5917427295918367,0.11440566780372606,763,0.01834862385321101,354.0,15.690777583397585
69,4222,0.5273829081632653,0.13098057792515397,744,0.0228494623655914,409.0,5.075504819320434
70,4332,0.5760349489795918,0.12465373961218837,789,0.029150823827629912,377.0,23.315735462995228
71,3693,0.6288442602040817,0.11508258868128893,826,0.020581113801452784,318.0,11.447343898817008
72,3738,0.5853849489795918,0.12787586944890317,652,0.019938650306748466,397.0,8.940829317318972
73,3600,0.4724331632653061,0.15555555555555556,513,0.025341130604288498,643.0,3.8506374383088118
74,3584,0.4553237244897959,0.15736607142857142,475,0.018947368421052633,672.0,1.9247763968293887
75,3264,0.4297252551020408,0.16207107843137256,414,0.024154589371980676,696.0,3.3240078143487146
76,3169,0.389772193877551,0.15462290943515306,482,0.012448132780082987,730.0,1.384335858283708
77,3135,0.37955102040816324,0.1569377990430622,461,0.02386117136659436,735.0,1.1388362440497244
78,3569,0.42901747448979594,0.1602689829083777,474,0.016877637130801686,663.0,1.4683767368104799
79,3485,0.406596556122449,0.13658536585365855,541,0.031423290203327174,539.0,1.8173396502116763
80,3617,0.45290484693877553,0.16394802322366603,494,0.02834008097165992,571.0,3.5869848030011102
81,3569,0.43759885204081633,0.13253012048192772,629,0.02702702702702703,454.0,3.8607651541247465
82,3450,0.4122216836734694,0.1310144927536232,570,0.021052631578947368,563.5,2.643187146199721
83,3874,0.4344827806122449,0.1303562209602478,694,0.01585014409221902,532.0,2.4322448053364547
84,4347,0.4594623724489796,0.13526570048309178,737,0.018995929443690638,456.0,3.245918355631816
85,4735,0.45710867346938777,0.146779303062302,678,0.019174041297935103,486.0,1.580071229340085
86,4534,0.46648380102040815,0.14446404940449933,646,0.009287925696594427,464.0,2.074709899049675
87,4480,0.46130395408163266,0.15535714285714286,678,0.014749262536873156,524.0,3.3204205933674813
88,4783,0.4995579081632653,0.15387831904662347,624,0.00641025641025641,498.0,3.197779596013974
89,4300,0.5127526785714286,0.14325581395348838,564,0.0070921985815602835,454.0,3.9539773474255733
90,4692,0.4815099489795918,0.1517476555839727,586,0.008532423208191127,478.0,4.3193868778463855
91,2743,0.327893112244898,0.13671162960262487,473,0.010570824524312896,756.0,1.1871253286004717
92,2549,0.3104016581632653,0.14240878775990584,459,0.010893246187363835,765.0,1.0272926697762312
93,2564,0.3072308673469388,0.12129485179407176,468,0.014957264957264958,758.0,1.278467014102991
94,2403,0.279996556122449,0.12983770287141075,446,0.006726457399103139,767.0,0.96815205251563
95,2398,0.27969387755102043,0.13261050875729774,410,0.014634146341463415,769.0,0.8037872198922125
96,3004,0.3412390306122449,0.14047936085219706,487,0.006160164271047228,744.0,0.9757823753545652
97,2715,0.3412774234693878,0.15138121546961325,449,0.0200445434298441,759.0,1.6229565764405334
98,3022,0.35420561224489794,0.16743878226340173,449,0.0200445434298441,730.0,1.1906132063062702
99,2529,0.3309890306122449,0.15183867141162516,368,0.07608695652173914,780.0,1.194546621630948
100,2625,0.31245267857142855,0.15428571428571428,356,0.025280898876404494,773.0,0.9669110059607297
101,2883,0.3278734693877551,0.1657995143947277,432,0.009259259259259259,727.0,1.0172296380369024
102,3275,0.36277091836734693,0.14259541984732824,519,0.019267822736030827,664.0,1.6768483466869766
103,3493,0.3800139030612245,0.13655883194961352,582,0.00859106529209622,651.0,1.414192506627869
104,3323,0.39188954081632654,0.15287390911826662,470,0.01702127659574468,681.0,1.9318882457892745
105,3316,0.3966033163265306,0.14414957780458384,535,0.014953271028037384,641.0,2.6585270558931096
106,3651,0.4371496173469388,0.14626129827444537,529,0.026465028355387523,589.0,4.394663255518626
107,3791,0.43799464285714285,0.1440253231337378,597,0.023450586264656615,552.0,3.74400781063335
108,3543,0.4178377551020408,0.13830087496471916,625,0.0112,575.0,4.787296930331731
109,4286,0.5007470663265307,0.14652356509566028,668,0.020958083832335328,449.5,3.8885353803523315
110,5061,0.49501186224489796,0.11598498320490022,1283,0.028059236165237724,307.0,23.732616235526155
111,2823,0.3893547193877551,0.1392136025504782,427,0.03044496487119438,639.0,1.7987212400033585
112,2852,0.37626875,0.1458625525946704,436,0.01834862385321101,588.0,2.3712406536389166
113,2733,0.38810701530612246,0.14270032930845225,445,0.03146067415730337,570.0,3.6535580247536914
114,3006,0.47399349489795917,0.13439787092481703,466,0.034334763948497854,477.0,6.047479077071088
115,3442,0.46435089285714287,0.13654851830331202,567,0.03527336860670194,430.5,8.926018819973741
116,4095,0.4543905612244898,0.11452991452991453,898,0.031180400890868598,344.0,4.235404192829339
117,3850,0.4283077806122449,0.09064935064935065,1143,0.07174103237095363,250.0,12.187241158740886
118,2719,0.3402072704081633,0.1250459727841118,513,0.0682261208576998,602.0,1.8455903892217445
119,2775,0.3625906887755102,0.13873873873873874,481,0.04573804573804574,578.0,2.347528628680368
120,2580,0.4450297193877551,0.13604651162790699,455,0.02857142857142857,625.5,7.233431947672493
121,2720,0.40241020408163264,0.13419117647058823,456,0.03728070175438596,667.5,1.954565453352305
122,3026,0.3711728316326531,0.13681427627230666,510,0.023529411764705882,645.0,1.370356563609471
123,3027,0.401590306122449,0.13214403700033037,509,0.0275049115913556,608.0,4.671056594125788
124,3561,0.48508839285714284,0.12889637742207244,595,0.040336134453781515,499.0,6.712179320231534
125,4005,0.4941968112244898,0.1470661672908864,579,0.013816925734024179,503.0,3.27511948005679
126,4169,0.46493979591836737,0.13984168865435356,677,0.011816838995568686,510.0,2.304266261728604
127,3233,0.45780880102040816,0.1586761521806372,447,0.008948545861297539,746.0,2.298316000365881
128,2919,0.4974015306122449,0.15313463514902365,402,0.01990049751243781,738.0,7.151526550831447
129,3379,0.4689455357142857,0.15122817401598107,471,0.025477707006369428,692.0,2.777669858513481
130,3302,0.4096043367346939,0.16535433070866143,464,0.010775862068965518,734.0,1.5272933738284777
131,3263,0.3856483418367347,0.14434569414649095,528,0.026515151515151516,720.0,1.5471385342641182
132,3137,0.41375905612244895,0.16640102008288174,425,0.009411764705882352,726.0,1.9143590181061771
133,2510,0.35307908163265306,0.12390438247011952,470,0.010638297872340425,639.0,7.201234654517441
134,2167,0.2577536989795918,0.127365020766036,405,0.022222222222222223,731.0,1.1414831703462522
135,2156,0.23546135204081634,0.1261595547309833,416,0.019230769230769232,693.0,1.1940514069507273
136,1988,0.21082895408163266,0.12877263581488935,423,0.004728132387706856,732.0,0.6002879762078657
137,2325,0.2508989795918367,0.12043010752688173,502,0.00199203187250996,729.0,0.7203792435381055
138,2356,0.27813099489795917,0.1298811544991511,454,0.004405286343612335,751.0,0.9124175716769196
139,2796,0.30759323979591835,0.12195994277539342,590,0.020338983050847456,698.0,1.8957995821515456
140,3005,0.31987920918367346,0.13211314475873545,531,0.0018832391713747645,713.0,1.1236441534931398
141,2508,0.27449145408163267,0.1343700159489633,512,0.01171875,735.5,0.8746489461251294
142,2522,0.33531122448979594,0.13560666137985725,461,0.008676789587852495,723.0,3.4886766504744395
143,2625,0.3814011479591837,0.1417142857142857,454,0.006607929515418502,709.0,4.159493836741446
144,2817,0.3990005102040816,0.1455449059282925,466,0.0,708.0,3.974049973449634
145,2663,0.46439744897959184,0.15959444235824258,387,0.056847545219638244,764.0,3.2447683630805164
146,2766,0.4523170918367347,0.1576283441793203,333,0.03903903903903904,787.0,2.9917979877503464
147,3047,0.4366487244897959,0.16869051526091236,398,0.02763819095477387,755.0,1.6320888735078514
148,3128,0.40056798469387755,0.16336317135549872,407,0.014742014742014743,756.0,0.9462280454313691
149,2707,0.3733809948979592,0.14480975249353528,424,0.009433962264150943,762.0,3.877205719441663
150,3329,0.39811020408163267,0.16341243616701712,442,0.0022624434389140274,743.0,1.0345452220828775
151,3105,0.4126012755102041,0.16296296296296298,416,0.014423076923076924,769.0,1.2873414351925123
152,3015,0.38663852040816327,0.15024875621890546,434,0.03456221198156682,761.0,1.761132186041548
153,2934,0.3412094387755102,0.14485344239945466,444,0.02027027027027027,749.0,0.9578850143004759
154,2504,0.29048966836734696,0.14017571884984026,479,0.006263048016701462,778.0,0.7993258039678984
155,2918,0.32925140306122447,0.1405071967100754,528,0.013257575757575758,743.0,1.3507860969979453
156,2556,0.3543354591836735,0.11737089201877934,486,0.0102880658436214,714.0,4.759134141730652
157,2585,0.2978637755102041,0.11411992263056092,562,0.0,743.0,1.398144699392029
158,2352,0.23736607142857144,0.10459183673469388,513,0.003898635477582846,744.0,0.5344674065737655
159,2532,0.2711113520408163,0.12954186413902052,532,0.0037593984962406013,725.0,1.3245057207879303
160,2256,0.25931301020408165,0.11923758865248227,462,0.0021645021645021645,748.0,1.5430178489988642
161,2607,0.28259438775510204,0.13041810510164942,474,0.004219409282700422,733.0,0.9435564695174127
162,2124,0.2128688775510204,0.10922787193973635,435,0.0,735.0,0.6959612023042383
163,2924,0.6050255102040817,0.15629274965800274,422,0.018957345971563982,645.0,6.047277270592827
164,3105,0.5919002551020408,0.1571658615136876,394,0.030456852791878174,659.0,6.449603797339822
165,3253,0.5669182397959184,0.15677835843836457,391,0.0076726342710997444,681.0,7.589489250703005
166,3264,0.47430854591836735,0.15962009803921567,426,0.023474178403755867,731.0,2.5012525865287745
167,3473,0.44399936224489794,0.1563489778289663,421,0.007125890736342043,734.0,2.4651795398307463
168,3015,0.583965306122449,0.14527363184079603,476,0.01680672268907563,644.0,9.398675878149323
169,3323,0.5612364795918368,0.16009629852542884,458,0.010917030567685589,675.0,6.024822467572552
170,3274,0.5428422193877551,0.14202810018326206,484,0.01859504132231405,668.5,7.717032617065835
171,3270,0.5125903061224489,0.1363914373088685,528,0.017045454545454544,687.5,5.392057173278831
172,3920,0.4250705357142857,0.1614795918367347,538,0.0037174721189591076,709.0,2.014591508496381
173,3813,0.4236456632653061,0.14843954891161815,558,0.008960573476702509,695.0,1.3452329992654082
174,3860,0.42595382653061226,0.14352331606217616,558,0.008960573476702509,677.5,2.389686849165639
175,3372,0.35973545918367344,0.12930011862396204,646,0.020123839009287926,699.5,1.3815237272403822
176,3790,0.39007767857142855,0.1517150395778364,681,0.013215859030837005,672.0,1.3165258811145817
177,3903,0.37923533163265305,0.1452728670253651,709,0.01692524682651622,666.0,0.9213076833161215
178,4302,0.41120433673469386,0.1515574151557415,691,0.008683068017366137,649.0,0.9948619360270037
179,4510,0.4251204081632653,0.16674057649667406,677,0.01624815361890694,633.0,1.158586180915747
180,4305,0.39293647959183675,0.14587688734030196,759,0.013175230566534914,640.0,0.9229378561461893
181,3365,0.615741581632653,0.12332838038632987,610,0.05573770491803279,341.0,20.359061237104907
182,2426,0.6504767857142857,0.14138499587798845,386,0.03367875647668394,528.5,8.355755360415236
183,2188,0.6664878826530612,0.12522851919561243,359,0.019498607242339833,485.5,7.714110598476652
184,1915,0.6244218112244898,0.13263707571801567,295,0.020338983050847456,732.0,11.170549976362796
185,1869,0.6241528061224489,0.14339218833600856,285,0.017543859649122806,710.0,7.317680369630811
186,2227,0.6252766581632653,0.141894925909295,316,0.04430379746835443,660.0,9.684809679110925
187,2536,0.6314293367346939,0.1277602523659306,408,0.029411764705882353,605.0,7.297141977472865
188,2569,0.6559246173469387,0.14285714285714285,385,0.03116883116883117,631.0,10.548033027417869
189,2852,0.6279036989795919,0.15953716690042075,406,0.017241379310344827,636.5,8.695439059444496
190,2796,0.596441581632653,0.14628040057224606,426,0.011737089201877934,692.0,7.850479933175644
191,3142,0.5672580357142857,0.14704010184595798,474,0.02109704641350211,670.0,7.035344915400394
192,3232,0.5594239795918368,0.14665841584158415,494,0.016194331983805668,594.0,7.871215106111507
193,2853,0.4469224489795918,0.14931650893796003,480,0.008333333333333333,724.0,7.188540775214525
194,2564,0.4002154336734694,0.11739469578783152,484,0.002066115702479339,760.0,5.8789051648403134
195,2976,0.47745880102040816,0.13709677419354838,521,0.005758157389635317,679.0,6.270195820029528
196,3425,0.5037742346938775,0.15503649635036496,497,0.004024144869215292,666.0,4.094831133425525
197,3087,0.44733316326530614,0.14512471655328799,459,0.0,716.0,3.350833115178885
198,3623,0.4378456632653061,0.14518354954457632,536,0.007462686567164179,692.0,2.612472920980213
199,5496,0.533867219387755,0.12008733624454149,1372,0.03498542274052478,225.0,10.726823247917341
200,4190,0.613490943877551,0.11813842482100238,1184,0.03462837837837838,204.0,16.319461840814434
201,4676,0.6193733418367346,0.12082976903336184,1225,0.03918367346938775,225.0,17.626804342167606
202,4294,0.612913137755102,0.10200279459711226,1307,0.02754399387911247,211.5,15.97397761993907
203,3531,0.6511816326530612,0.11384876805437553,871,0.04133180252583238,247.0,16.11013520884382
204,4344,0.5854118622448979,0.1141804788213628,1019,0.03532875368007851,242.0,15.198592435113047
205,4755,0.5552156887755102,0.1192429022082019,1144,0.044580419580419584,239.0,13.421698214767678
206,4086,0.619872193877551,0.11747430249632893,961,0.044745057232049947,257.0,15.881626915528848
207,3627,0.6619529336734694,0.11524676040805074,755,0.0423841059602649,278.0,16.930098928575706
208,3830,0.6139308673469388,0.1297650130548303,751,0.043941411451398134,287.0,10.227833647251156
209,3041,0.6544156887755102,0.12923380466951662,576,0.041666666666666664,349.0,14.483686000310888
210,2911,0.6630862244897959,0.1305393335623497,484,0.05991735537190083,349.0,15.732840610674064
211,2766,0.6640786989795918,0.1193058568329718,499,0.050100200400801605,335.0,21.8376063172106
212,2744,0.5703735969387755,0.1293731778425656,531,0.035781544256120526,465.0,8.988616625865555
213,2870,0.6225997448979592,0.12857142857142856,531,0.06591337099811675,417.5,16.75393040356182
214,2334,0.7050073979591837,0.1353898886032562,398,0.035175879396984924,480.0,14.789863321248454
215,2004,0.7503229591836734,0.11826347305389222,377,0.05570291777188329,436.0,12.86388606531207
216,1975,0.682498469387755,0.14531645569620252,339,0.06489675516224189,476.0,10.96100559052327
217,5105,0.5868404336734694,0.14495592556317335,1131,0.04862953138815208,223.0,11.793419070680057
218,3485,0.7088322704081632,0.1302725968436155,828,0.043478260869565216,246.0,21.77348532871063
219,5030,0.5954193877551021,0.13240556660039762,933,0.020364415862808145,291.5,5.913344707907735
220,3512,0.6903179846938775,0.12813211845102507,803,0.037359900373599,230.0,27.09508126518959
221,4056,0.6358960459183673,0.13313609467455623,933,0.03536977491961415,256.0,12.039408728033775
222,4552,0.6295332908163266,0.12456063268892795,938,0.03731343283582089,261.0,15.88863340893819
223,3899,0.6664536989795918,0.12233906129776866,879,0.04550625711035267,268.0,14.33019102619458
224,3987,0.6720456632653061,0.13569099573614246,781,0.04353393085787452,297.0,17.367708886084703
225,3952,0.6398923469387755,0.12449392712550607,903,0.04983388704318937,274.0,16.335731007843098
226,4155,0.6216248724489796,0.13044524669073407,764,0.028795811518324606,353.0,10.656767337767553
227,4272,0.6113441326530612,0.10720973782771535,1030,0.035922330097087375,291.0,13.566394717131947
228,3815,0.6721448979591836,0.11900393184796855,779,0.023106546854942234,324.0,16.81279937870583
229,3904,0.6780058673469388,0.1098872950819672,941,0.024442082890541977,285.0,15.489415464518027
230,2927,0.7433802295918367,0.11240177656303382,562,0.019572953736654804,302.0,19.865148006901826
231,3565,0.6886477040816327,0.10687237026647967,753,0.03187250996015936,293.0,23.367583867804612
232,2738,0.7572734693877551,0.12198685171658144,509,0.03143418467583497,310.0,33.25827728017839
233,4235,0.6169466836734694,0.10932703659976387,1029,0.031098153547133137,265.0,27.384865958306523
234,1973,0.7334257653061225,0.12012164216928535,320,0.028125,398.0,17.0054425490584
235,5080,0.5754585459183673,0.1374015748031496,1114,0.05565529622980251,253.0,10.927854807595807
236,4433,0.6644053571428571,0.13918339724791337,1030,0.04854368932038835,252.0,20.42298827468496
237,3584,0.707440943877551,0.14118303571428573,820,0.03902439024390244,258.5,19.22200010715683
238,4194,0.6454873724489796,0.13495469718645683,938,0.04797441364605544,265.0,14.607076272706124
239,4738,0.6091642857142857,0.14373153229210636,951,0.03890641430073607,286.0,7.870242400110109
240,4284,0.6362358418367347,0.13678804855275445,969,0.05056759545923633,265.0,30.008932136257865
241,5094,0.5969195153061224,0.1403612092658029,1102,0.03357531760435572,293.0,14.896629565123389
242,4436,0.6193114795918367,0.12736699729486023,1030,0.03398058252427184,291.0,11.214899831225036
243,4464,0.611623724489796,0.11402329749103943,1026,0.036062378167641324,298.0,16.516460874376477
244,5082,0.570139668367347,0.1284927194018103,920,0.02608695652173913,342.0,11.035301999067615
245,5277,0.5781119897959184,0.12052302444570778,1035,0.01932367149758454,333.0,7.478874847008716
246,4109,0.6409877551020409,0.11486979800438063,1026,0.025341130604288498,285.0,21.130377391389878
247,4498,0.6305283163265306,0.12761227212094264,862,0.03596287703016241,324.0,13.25037719605591
248,3006,0.7236566326530612,0.08782435129740519,883,0.015855039637599093,262.5,42.1996051193751
249,3234,0.7079358418367347,0.10977118119975263,821,0.02679658952496955,275.0,27.834300616605315
250,3532,0.6989579081632653,0.09796149490373726,944,0.015889830508474576,246.0,22.50348623705333
251,3478,0.690330612244898,0.09890741805635422,919,0.036996735582154515,262.0,17.081953000874325
252,3626,0.6798224489795919,0.107280750137893,879,0.030716723549488054,261.5,31.586204243355578
253,4811,0.6348043367346938,0.1536063188526294,917,0.03925845147219193,277.0,12.0819262813167
254,5295,0.5608656887755102,0.1518413597733711,1016,0.05019685039370079,288.0,5.546624998489117
255,5002,0.5914862244897959,0.14614154338264695,1019,0.06084396467124632,286.0,11.465969263788786
256,5320,0.5571117346938775,0.1368421052631579,977,0.0368474923234391,310.0,6.8169179161145
257,4671,0.5930391581632654,0.13508884607150504,902,0.036585365853658534,310.0,7.226915214839835
258,2555,0.6439547193877551,0.13776908023483367,397,0.04030226700251889,363.0,8.321761204323881
259,3612,0.6074274234693877,0.13150609080841638,636,0.025157232704402517,337.0,12.871279983789762
260,4678,0.5871795918367347,0.1278324070115434,866,0.04503464203233257,339.0,5.843454990266219
261,5519,0.5641452806122449,0.1297336473998913,1020,0.029411764705882353,322.0,9.020273917874137
262,5256,0.5569096938775511,0.1280441400304414,979,0.027579162410623085,348.0,5.414755749831063
263,5021,0.5848382653061225,0.12188807010555666,1111,0.018901890189018902,318.0,8.494815425429485
264,5140,0.5821357142857143,0.12743190661478598,952,0.01680672268907563,338.5,4.152056984097557
265,4845,0.5572542091836735,0.11269349845201239,1159,0.026747195858498704,302.0,6.292728515203276
266,4483,0.5964423469387755,0.1137631050635735,944,0.028601694915254237,318.0,9.95300552109195
267,3998,0.6163230867346938,0.10455227613806903,1014,0.027613412228796843,275.0,18.713934175639213
268,3424,0.6705381377551021,0.09404205607476636,996,0.023092369477911646,263.0,18.05382221575226
269,3541,0.6592913265306123,0.10505506918949449,963,0.017653167185877467,253.0,15.541973455837153
270,4048,0.6448091836734694,0.11215415019762846,847,0.021251475796930343,281.0,10.18504141058273
271,6010,0.5454758928571428,0.1610648918469218,1165,0.04463519313304721,283.0,12.12801264300286
272,4837,0.5885956632653061,0.13582799255737027,944,0.0646186440677966,257.0,14.633873532319537
273,4802,0.6310102040816327,0.15556018325697626,944,0.0413135593220339,283.0,30.677740940251596
274,5082,0.5761417091836735,0.13616686343959072,1059,0.04343720491029273,285.0,8.407571870100849
275,5163,0.5821676020408163,0.13848537671896186,1078,0.032467532467532464,307.0,13.105607178457891
276,5292,0.6002543367346939,0.16439909297052155,932,0.022532188841201718,315.0,8.011613634579982
277,5353,0.5943733418367347,0.14253689519895385,965,0.03316062176165803,313.0,14.125401797197497
278,4702,0.6291438775510204,0.14376860910250958,1007,0.036742800397219465,314.0,14.716036194108655
279,5671,0.5843045918367347,0.143008287779933,1086,0.01841620626151013,320.0,6.086135541316752
280,4779,0.5938190051020408,0.13559322033898305,887,0.030439684329199548,346.0,9.988444266099485
281,5750,0.5574977040816327,0.1443478260869565,1154,0.016464471403812825,330.0,11.62024465587987
282,4645,0.6125880102040816,0.122497308934338,968,0.01652892561983471,314.0,7.39461981683385
283,4371,0.6108252551020408,0.12216884008236102,1012,0.02865612648221344,300.0,12.166992189968449
284,4214,0.6392774234693878,0.12505932605600378,910,0.023076923076923078,304.0,16.16041223665671
285,4102,0.6143163265306123,0.10726474890297416,1150,0.030434782608695653,267.0,28.033461254236688
286,3487,0.6690191326530612,0.10438772583882994,817,0.025703794369645042,274.0,13.905404347534617
287,3483,0.6896998724489796,0.09273614699971289,957,0.01567398119122257,254.0,16.55927924299717
288,3363,0.684289668367347,0.09753196550698781,942,0.03184713375796178,246.0,18.783658755651032
289,5491,0.5701196428571429,0.1464214168639592,1091,0.04307974335472044,288.0,9.391662973661985
290,6489,0.551986224489796,0.16859300354445986,1200,0.03666666666666667,287.0,9.879431097662755
291,5846,0.5671081632653061,0.15874101950051317,1133,0.037069726390114736,293.0,6.849956412669162
292,4507,0.6264984693877551,0.14577324162414024,981,0.03669724770642202,277.0,19.032697167253136
293,5739,0.5687588010204082,0.15298832549224603,1164,0.02663230240549828,313.0,8.251786749542402
294,6069,0.5595547193877551,0.1606524962926347,1122,0.024955436720142603,314.0,6.491616893207312
295,5807,0.5835164540816327,0.15188565524367142,997,0.02106318956870612,316.0,6.901365560957763
296,5441,0.5960544642857143,0.1400477853335784,1054,0.015180265654648957,313.0,8.699104176451982
297,5834,0.5635349489795919,0.14912581419266369,1106,0.029837251356238697,326.0,5.888081981286125
298,4980,0.6107548469387755,0.1427710843373494,926,0.02267818574514039,331.0,11.734612342353646
299,5173,0.5894163265306123,0.13937753721244925,1009,0.02576808721506442,329.0,6.713951709907815
300,5121,0.5960496173469387,0.1366920523335286,907,0.025358324145534728,334.0,8.024744328784047
301,4774,0.5996734693877551,0.13028906577293675,1036,0.021235521235521235,310.0,8.282138181210954
302,4366,0.6396192602040817,0.13055428309665598,837,0.025089605734767026,325.0,11.255700052581682
303,4397,0.6233769132653061,0.12258357971344098,966,0.035196687370600416,312.0,16.981318464381186
304,2875,0.7291053571428572,0.11547826086956521,670,0.022388059701492536,276.0,20.149687071719587
305,2649,0.7337506377551021,0.1143827859569649,461,0.026030368763557483,332.0,14.513590672148052
306,4084,0.6701316326530612,0.1143486777668952,854,0.01873536299765808,306.0,18.28724283295232
307,5916,0.5396571428571428,0.15365111561866127,1315,0.04714828897338403,270.0,8.5412045712385
308,6049,0.5440758928571429,0.1544056868903951,1265,0.039525691699604744,282.0,8.4215976837049
309,5367,0.561732525510204,0.13713433948201975,1289,0.047323506594259115,275.0,17.025743545525412
310,5193,0.5766567602040816,0.14731369150779897,1085,0.04516129032258064,292.0,8.834720079398773
311,5454,0.5642929846938776,0.14411441144114412,1121,0.036574487065120426,310.0,8.070414322146087
312,5831,0.5731806122448979,0.16395129480363574,1098,0.029143897996357013,307.0,7.159557802274818
313,5149,0.5851542091836734,0.14410565158283162,1047,0.04202483285577841,294.0,17.00054750138415
314,5878,0.5662146683673469,0.15073154134059205,1076,0.027881040892193308,318.5,7.919540335647943
315,5923,0.5762645408163265,0.14722269120378187,1068,0.016853932584269662,311.0,7.771593917958448
316,5278,0.5879265306122449,0.13452065176203107,984,0.018292682926829267,333.0,7.526109509898828
317,5141,0.5887367346938776,0.13732736821630034,1039,0.030798845043310877,325.0,15.403338485823081
318,4869,0.5998397959183673,0.12487163688642432,1132,0.029151943462897525,307.0,11.820652708581367
319,4786,0.6105589285714286,0.1360217300459674,899,0.027808676307007785,335.0,11.775343052150134
320,4217,0.6153908163265306,0.11287645245435143,1010,0.02277227722772277,305.0,9.58788500448464
321,4037,0.6518616071428571,0.11691850383948477,789,0.026615969581749048,333.0,14.257458282816932
322,3340,0.684264030612245,0.11946107784431138,823,0.018226002430133656,289.0,21.69631022338456
323,2966,0.7233922193877551,0.09608900876601484,763,0.02621231979030144,265.0,26.444526181189214
324,3639,0.6869048469387755,0.11679032701291564,712,0.026685393258426966,326.0,11.953099183741898
