idx,density_label,crowding_label,crenation_flag,coverage_fraction,rouleaux_fraction,crenation_fraction,n_cells,n_isolated
1,slightly dense,heavy rouleaux,flagged,0.5522487244897959,0.16490924805531548,0.05929487179487179,5785,1248
2,dense,heavy rouleaux,normal,0.607234693877551,0.15874749681412706,0.03742384682332463,5493,1149
3,dense,rouleaux,normal,0.6102806122448979,0.14538558786346398,0.04621072088724584,4746,1082
4,slightly dense,rouleaux,normal,0.5732566326530613,0.14252199413489736,0.04895738893925657,5115,1103
5,slightly dense,some rouleaux,normal,0.5713778061224489,0.13710764490660504,0.031746031746031744,5193,1071
6,slightly dense,heavy rouleaux,normal,0.5493906887755102,0.15132326676408508,0.02408637873754153,6159,1204
7,slightly dense,some rouleaux,normal,0.5490558673469388,0.13610020564591513,0.029318541996830427,5349,1262
8,slightly dense,rouleaux,normal,0.5586390306122448,0.14108174339226326,0.036013400335008376,5713,1194
9,slightly dense,slight rouleaux,normal,0.5470039540816326,0.12713615023474178,0.02366412213740458,5325,1310
10,monolayer,rouleaux,normal,0.5090076530612245,0.14629566404916353,0.037833190025795355,5858,1163
11,slightly dense,some rouleaux,normal,0.5468218112244898,0.1333455277117249,0.02154828411811652,5467,1253
12,monolayer,rouleaux,normal,0.5288436224489796,0.1400607492406345,0.04468802698145025,5926,1186
13,monolayer,rouleaux,normal,0.5285880102040816,0.14292535413019258,0.0315031503150315,6283,1111
14,slightly dense,heavy rouleaux,normal,0.5799395408163265,0.14951528709917972,0.03189066059225513,5364,878
15,slightly dense,heavy rouleaux,normal,0.5708150510204082,0.1489061397318278,0.03582395087001024,5668,977
16,very dense,rouleaux,normal,0.6299257653061224,0.1458596048759983,0.035386631716906945,4758,763
17,dense,heavy rouleaux,normal,0.6292789540816327,0.1527235354573484,0.038303693570451436,4865,731
18,very dense,rouleaux,normal,0.663847193877551,0.14197671764437342,0.026438569206842923,4381,643
19,very dense,rouleaux,flagged,0.6317049744897959,0.1443089430894309,0.054613935969868174,4428,1062
20,very dense,some rouleaux,flagged,0.664456887755102,0.13924946896388954,0.05566037735849057,4237,1060
21,dense,some rouleaux,normal,0.5897766581632653,0.1369782480893592,0.04928909952606635,5103,1055
22,dense,some rouleaux,flagged,0.5885149234693877,0.1362614913176711,0.051643192488262914,4895,1065
23,monolayer,some rouleaux,normal,0.524652168367347,0.13659264788206754,0.04312938816449348,5359,997
24,slightly dense,slight rouleaux,normal,0.5592480867346938,0.12604418043437907,0.04,5387,1325
25,slightly dense,slight rouleaux,normal,0.5659860969387756,0.12748212867355044,0.028662420382165606,5036,1256
26,monolayer,some rouleaux,flagged,0.5259341836734693,0.137956610420916,0.05532617671345995,5393,1211
27,monolayer,no rouleaux,flagged,0.5368321428571429,0.1170361493908528,0.05238467552775606,5007,1279
28,monolayer,slight rouleaux,normal,0.52813125,0.1289004457652303,0.04961832061068702,5384,1048
29,monolayer,no rouleaux,normal,0.5422854591836734,0.1171223579600543,0.03646677471636953,5157,1234
30,monolayer,slight rouleaux,normal,0.5410727040816327,0.1271789398790466,0.01861427094105481,5622,967
31,monolayer,rouleaux,normal,0.5372130102040816,0.14467803343817248,0.01683816651075772,6041,1069
32,dense,rouleaux,normal,0.6082651785714286,0.1432902182700081,0.026467203682393557,4948,869
33,dense,some rouleaux,normal,0.5902571428571428,0.13657454105305628,0.028169014084507043,4957,852
34,very dense,some rouleaux,normal,0.6660775510204081,0.1376828975773567,0.026113671274961597,4169,651
35,very dense,heavy rouleaux,normal,0.6975602040816327,0.15029047739328114,0.040998217468805706,3959,561
36,very dense,rouleaux,normal,0.6988251275510204,0.1427839015637016,0.014336917562724014,3901,558
37,very dense,no rouleaux,flagged,0.6358952806122449,0.1180515759312321,0.05358948432760364,3490,989
38,very dense,no rouleaux,normal,0.6598303571428571,0.10856823890594473,0.02631578947368421,3583,1064
39,slightly dense,no rouleaux,normal,0.5496132653061224,0.10950514453699167,0.027111574556830033,4082,959
40,slightly dense,no rouleaux,normal,0.5650262755102041,0.11436289959477713,0.0302734375,4442,1024
41,monolayer,slight rouleaux,normal,0.4653469387755102,0.11868176304084109,0.04228855721393035,4946,1206
42,slightly dense,slight rouleaux,normal,0.5429367346938776,0.12192307692307693,0.03367875647668394,5200,1158
43,monolayer,no rouleaux,normal,0.5150988520408163,0.11060668592653736,0.027642276422764227,4846,1230
44,slightly dense,slight rouleaux,normal,0.5510489795918367,0.12862910978657952,0.032090199479618386,5201,1153
45,slightly dense,no rouleaux,normal,0.5450623724489796,0.1128747795414462,0.04339440694310511,4536,1037
46,monolayer,no rouleaux,flagged,0.507290306122449,0.10841245308015014,0.05268199233716475,4529,1044
47,monolayer,slight rouleaux,normal,0.5214690051020409,0.12119366626065774,0.030697674418604652,4926,1075
48,dense,no rouleaux,normal,0.5946776785714286,0.11440773207462351,0.03286852589641434,4449,1004
49,slightly dense,slight rouleaux,normal,0.5653862244897959,0.1264227642276423,0.0283363802559415,4920,1094
50,dense,slight rouleaux,normal,0.5947320153061224,0.1237814554522784,0.03329223181257707,4411,811
51,dense,some rouleaux,normal,0.5872423469387755,0.13008687700045724,0.029166666666666667,4374,720
52,dense,slight rouleaux,normal,0.619510331632653,0.12588568729333963,0.04140526976160602,4234,797
53,very dense,slight rouleaux,normal,0.6938529336734693,0.12978550095031224,0.02643171806167401,3683,681
54,very dense,slight rouleaux,normal,0.7120795918367347,0.12730142030510258,0.018957345971563982,3802,633
55,slightly dense,no rouleaux,flagged,0.5679266581632653,0.11392028554431886,0.06073446327683616,3362,708
56,slightly dense,no rouleaux,normal,0.5705599489795918,0.11504660452729694,0.02746566791510612,3755,801
57,slightly dense,no rouleaux,normal,0.5518591836734694,0.11635455680399501,0.02666666666666667,4005,825
58,monolayer,slight rouleaux,normal,0.47370522959183675,0.12351478308925118,0.047400611620795105,3619,654
59,monolayer,some rouleaux,normal,0.4850463010204082,0.13615023474178403,0.03488372093023256,3408,516
60,slightly dense,no rouleaux,normal,0.5849413265306123,0.10866284334440085,0.021136063408190225,3313,757
61,slightly dense,no rouleaux,normal,0.5553386479591836,0.10490307867730901,0.028985507246376812,3508,897
62,slightly dense,slight rouleaux,normal,0.5433178571428572,0.12115778688524591,0.02345679012345679,3904,810
63,monolayer,no rouleaux,normal,0.5362179846938776,0.1099434114793856,0.028811524609843937,3711,833
64,monolayer,no rouleaux,normal,0.48569362244897957,0.11624013393924898,0.02464332036316472,4181,771
65,slightly dense,no rouleaux,normal,0.5610580357142857,0.10385756676557864,0.038335158817086525,3370,913
66,slightly dense,no rouleaux,normal,0.5663461734693878,0.11783107403545359,0.02905027932960894,3836,895
67,slightly dense,no rouleaux,normal,0.5442934948979592,0.11825377788438475,0.021505376344086023,4169,837
68,dense,no rouleaux,normal,0.5917427295918367,0.11440566780372606,0.01834862385321101,3811,763
69,monolayer,some rouleaux,normal,0.5273829081632653,0.13098057792515397,0.0228494623655914,4222,744
70,slightly dense,slight rouleaux,normal,0.5760349489795918,0.12465373961218837,0.029150823827629912,4332,789
71,dense,no rouleaux,normal,0.6288442602040817,0.11508258868128893,0.020581113801452784,3693,826
72,dense,slight rouleaux,normal,0.5853849489795918,0.12787586944890317,0.019938650306748466,3738,652
73,monolayer,heavy rouleaux,normal,0.4724331632653061,0.15555555555555556,0.025341130604288498,3600,513
74,monolayer,heavy rouleaux,normal,0.4553237244897959,0.15736607142857142,0.018947368421052633,3584,475
75,monolayer,heavy rouleaux,normal,0.4297252551020408,0.16207107843137256,0.024154589371980676,3264,414
76,sparse,heavy rouleaux,normal,0.389772193877551,0.15462290943515306,0.012448132780082987,3169,482
77,sparse,heavy rouleaux,normal,0.37955102040816324,0.1569377990430622,0.02386117136659436,3135,461
78,monolayer,heavy rouleaux,normal,0.42901747448979594,0.1602689829083777,0.016877637130801686,3569,474
79,sparse,some rouleaux,normal,0.406596556122449,0.13658536585365855,0.031423290203327174,3485,541
80,monolayer,heavy rouleaux,normal,0.45290484693877553,0.16394802322366603,0.02834008097165992,3617,494
81,monolayer,some rouleaux,normal,0.43759885204081633,0.13253012048192772,0.02702702702702703,3569,629
82,sparse,some rouleaux,normal,0.4122216836734694,0.1310144927536232,0.021052631578947368,3450,570
83,monolayer,some rouleaux,normal,0.4344827806122449,0.1303562209602478,0.01585014409221902,3874,694
84,monolayer,some rouleaux,normal,0.4594623724489796,0.13526570048309178,0.018995929443690638,4347,737
85,monolayer,rouleaux,normal,0.45710867346938777,0.146779303062302,0.019174041297935103,4735,678
86,monolayer,rouleaux,normal,0.46648380102040815,0.14446404940449933,0.009287925696594427,4534,646
87,monolayer,heavy rouleaux,normal,0.46130395408163266,0.15535714285714286,0.014749262536873156,4480,678
88,monolayer,heavy rouleaux,normal,0.4995579081632653,0.15387831904662347,0.00641025641025641,4783,624
89,monolayer,rouleaux,normal,0.5127526785714286,0.14325581395348838,0.0070921985815602835,4300,564
90,monolayer,heavy rouleaux,normal,0.4815099489795918,0.1517476555839727,0.008532423208191127,4692,586
91,sparse,some rouleaux,normal,0.327893112244898,0.13671162960262487,0.010570824524312896,2743,473
92,sparse,rouleaux,normal,0.3104016581632653,0.14240878775990584,0.010893246187363835,2549,459
93,sparse,slight rouleaux,normal,0.3072308673469388,0.12129485179407176,0.014957264957264958,2564,468
94,sparse,slight rouleaux,normal,0.279996556122449,0.12983770287141075,0.006726457399103139,2403,446
95,sparse,some rouleaux,normal,0.27969387755102043,0.13261050875729774,0.014634146341463415,2398,410
96,sparse,rouleaux,normal,0.3412390306122449,0.14047936085219706,0.006160164271047228,3004,487
97,sparse,heavy rouleaux,normal,0.3412774234693878,0.15138121546961325,0.0200445434298441,2715,449
98,sparse,heavy rouleaux,normal,0.35420561224489794,0.16743878226340173,0.0200445434298441,3022,449
99,sparse,heavy rouleaux,flagged,0.3309890306122449,0.15183867141162516,0.07608695652173914,2529,368
100,sparse,heavy rouleaux,normal,0.31245267857142855,0.15428571428571428,0.025280898876404494,2625,356
101,sparse,heavy rouleaux,normal,0.3278734693877551,0.1657995143947277,0.009259259259259259,2883,432
102,sparse,rouleaux,normal,0.36277091836734693,0.14259541984732824,0.019267822736030827,3275,519
103,sparse,some rouleaux,normal,0.3800139030612245,0.13655883194961352,0.00859106529209622,3493,582
104,sparse,heavy rouleaux,normal,0.39188954081632654,0.15287390911826662,0.01702127659574468,3323,470
105,sparse,rouleaux,normal,0.3966033163265306,0.14414957780458384,0.014953271028037384,3316,535
106,monolayer,rouleaux,normal,0.4371496173469388,0.14626129827444537,0.026465028355387523,3651,529
107,monolayer,rouleaux,normal,0.43799464285714285,0.1440253231337378,0.023450586264656615,3791,597
108,sparse,some rouleaux,normal,0.4178377551020408,0.13830087496471916,0.0112,3543,625
109,monolayer,rouleaux,normal,0.5007470663265307,0.14652356509566028,0.020958083832335328,4286,668
110,monolayer,no rouleaux,normal,0.49501186224489796,0.11598498320490022,0.028059236165237724,5061,1283
111,sparse,some rouleaux,normal,0.3893547193877551,0.1392136025504782,0.03044496487119438,2823,427
112,sparse,rouleaux,normal,0.37626875,0.1458625525946704,0.01834862385321101,2852,436
113,sparse,rouleaux,normal,0.38810701530612246,0.14270032930845225,0.03146067415730337,2733,445
114,monolayer,some rouleaux,normal,0.47399349489795917,0.13439787092481703,0.034334763948497854,3006,466
115,monolayer,some rouleaux,normal,0.46435089285714287,0.13654851830331202,0.03527336860670194,3442,567
116,monolayer,no rouleaux,normal,0.4543905612244898,0.11452991452991453,0.031180400890868598,4095,898
117,monolayer,no rouleaux,flagged,0.4283077806122449,0.09064935064935065,0.07174103237095363,3850,1143
118,sparse,slight rouleaux,flagged,0.3402072704081633,0.1250459727841118,0.0682261208576998,2719,513
119,sparse,some rouleaux,normal,0.3625906887755102,0.13873873873873874,0.04573804573804574,2775,481
120,monolayer,some rouleaux,normal,0.4450297193877551,0.13604651162790699,0.02857142857142857,2580,455
121,sparse,some rouleaux,normal,0.40241020408163264,0.13419117647058823,0.03728070175438596,2720,456
122,sparse,some rouleaux,normal,0.3711728316326531,0.13681427627230666,0.023529411764705882,3026,510
123,sparse,some rouleaux,normal,0.401590306122449,0.13214403700033037,0.0275049115913556,3027,509
124,monolayer,slight rouleaux,normal,0.48508839285714284,0.12889637742207244,0.040336134453781515,3561,595
125,monolayer,rouleaux,normal,0.4941968112244898,0.1470661672908864,0.013816925734024179,4005,579
126,monolayer,rouleaux,normal,0.46493979591836737,0.13984168865435356,0.011816838995568686,4169,677
127,monolayer,heavy rouleaux,normal,0.45780880102040816,0.1586761521806372,0.008948545861297539,3233,447
128,monolayer,heavy rouleaux,normal,0.4974015306122449,0.15313463514902365,0.01990049751243781,2919,402
129,monolayer,heavy rouleaux,normal,0.4689455357142857,0.15122817401598107,0.025477707006369428,3379,471
130,sparse,heavy rouleaux,normal,0.4096043367346939,0.16535433070866143,0.010775862068965518,3302,464
131,sparse,rouleaux,normal,0.3856483418367347,0.14434569414649095,0.026515151515151516,3263,528
132,sparse,heavy rouleaux,normal,0.41375905612244895,0.16640102008288174,0.009411764705882352,3137,425
133,sparse,slight rouleaux,normal,0.35307908163265306,0.12390438247011952,0.010638297872340425,2510,470
134,sparse,slight rouleaux,normal,0.2577536989795918,0.127365020766036,0.022222222222222223,2167,405
135,sparse,slight rouleaux,normal,0.23546135204081634,0.1261595547309833,0.019230769230769232,2156,416
136,sparse,slight rouleaux,normal,0.21082895408163266,0.12877263581488935,0.004728132387706856,1988,423
137,sparse,slight rouleaux,normal,0.2508989795918367,0.12043010752688173,0.00199203187250996,2325,502
138,sparse,some rouleaux,normal,0.27813099489795917,0.1298811544991511,0.004405286343612335,2356,454
139,sparse,slight rouleaux,normal,0.30759323979591835,0.12195994277539342,0.020338983050847456,2796,590
140,sparse,some rouleaux,normal,0.31987920918367346,0.13211314475873545,0.0018832391713747645,3005,531
141,sparse,some rouleaux,normal,0.27449145408163267,0.1343700159489633,0.01171875,2508,512
142,sparse,some rouleaux,normal,0.33531122448979594,0.13560666137985725,0.008676789587852495,2522,461
143,sparse,rouleaux,normal,0.3814011479591837,0.1417142857142857,0.006607929515418502,2625,454
144,sparse,rouleaux,normal,0.3990005102040816,0.1455449059282925,0.0,2817,466
145,monolayer,heavy rouleaux,flagged,0.46439744897959184,0.15959444235824258,0.056847545219638244,2663,387
146,monolayer,heavy rouleaux,normal,0.4523170918367347,0.1576283441793203,0.03903903903903904,2766,333
147,monolayer,heavy rouleaux,normal,0.4366487244897959,0.16869051526091236,0.02763819095477387,3047,398
148,sparse,heavy rouleaux,normal,0.40056798469387755,0.16336317135549872,0.014742014742014743,3128,407
149,sparse,rouleaux,normal,0.3733809948979592,0.14480975249353528,0.009433962264150943,2707,424
150,sparse,heavy rouleaux,normal,0.39811020408163267,0.16341243616701712,0.0022624434389140274,3329,442
151,sparse,heavy rouleaux,normal,0.4126012755102041,0.16296296296296298,0.014423076923076924,3105,416
152,sparse,heavy rouleaux,normal,0.38663852040816327,0.15024875621890546,0.03456221198156682,3015,434
153,sparse,rouleaux,normal,0.3412094387755102,0.14485344239945466,0.02027027027027027,2934,444
154,sparse,rouleaux,normal,0.29048966836734696,0.14017571884984026,0.006263048016701462,2504,479
155,sparse,rouleaux,normal,0.32925140306122447,0.1405071967100754,0.013257575757575758,2918,528
156,sparse,no rouleaux,normal,0.3543354591836735,0.11737089201877934,0.0102880658436214,2556,486
157,sparse,no rouleaux,normal,0.2978637755102041,0.11411992263056092,0.0,2585,562
158,sparse,no rouleaux,normal,0.23736607142857144,0.10459183673469388,0.003898635477582846,2352,513
159,sparse,slight rouleaux,normal,0.2711113520408163,0.12954186413902052,0.0037593984962406013,2532,532
160,sparse,slight rouleaux,normal,0.25931301020408165,0.11923758865248227,0.0021645021645021645,2256,462
161,sparse,some rouleaux,normal,0.28259438775510204,0.13041810510164942,0.004219409282700422,2607,474
162,sparse,no rouleaux,normal,0.2128688775510204,0.10922787193973635,0.0,2124,435
163,dense,heavy rouleaux,normal,0.6050255102040817,0.15629274965800274,0.018957345971563982,2924,422
164,dense,heavy rouleaux,normal,0.5919002551020408,0.1571658615136876,0.030456852791878174,3105,394
165,slightly dense,heavy rouleaux,normal,0.5669182397959184,0.15677835843836457,0.0076726342710997444,3253,391
166,monolayer,heavy rouleaux,normal,0.47430854591836735,0.15962009803921567,0.023474178403755867,3264,426
167,monolayer,heavy rouleaux,normal,0.44399936224489794,0.1563489778289663,0.007125890736342043,3473,421
168,slightly dense,rouleaux,normal,0.583965306122449,0.14527363184079603,0.01680672268907563,3015,476
169,slightly dense,heavy rouleaux,normal,0.5612364795918368,0.16009629852542884,0.010917030567685589,3323,458
170,monolayer,rouleaux,normal,0.5428422193877551,0.14202810018326206,0.01859504132231405,3274,484
171,monolayer,some rouleaux,normal,0.5125903061224489,0.1363914373088685,0.017045454545454544,3270,528
172,monolayer,heavy rouleaux,normal,0.4250705357142857,0.1614795918367347,0.0037174721189591076,3920,538
173,sparse,heavy rouleaux,normal,0.4236456632653061,0.14843954891161815,0.008960573476702509,3813,558
174,monolayer,rouleaux,normal,0.42595382653061226,0.14352331606217616,0.008960573476702509,3860,558
175,sparse,slight rouleaux,normal,0.35973545918367344,0.12930011862396204,0.020123839009287926,3372,646
176,sparse,heavy rouleaux,normal,0.39007767857142855,0.1517150395778364,0.013215859030837005,3790,681
177,sparse,rouleaux,normal,0.37923533163265305,0.1452728670253651,0.01692524682651622,3903,709
178,sparse,heavy rouleaux,normal,0.41120433673469386,0.1515574151557415,0.008683068017366137,4302,691
179,monolayer,heavy rouleaux,normal,0.4251204081632653,0.16674057649667406,0.01624815361890694,4510,677
180,sparse,rouleaux,normal,0.39293647959183675,0.14587688734030196,0.013175230566534914,4305,759
181,dense,slight rouleaux,flagged,0.615741581632653,0.12332838038632987,0.05573770491803279,3365,610
182,very dense,rouleaux,normal,0.6504767857142857,0.14138499587798845,0.03367875647668394,2426,386
183,very dense,slight rouleaux,normal,0.6664878826530612,0.12522851919561243,0.019498607242339833,2188,359
184,dense,some rouleaux,normal,0.6244218112244898,0.13263707571801567,0.020338983050847456,1915,295
185,dense,rouleaux,normal,0.6241528061224489,0.14339218833600856,0.017543859649122806,1869,285
186,dense,rouleaux,normal,0.6252766581632653,0.141894925909295,0.04430379746835443,2227,316
187,very dense,slight rouleaux,normal,0.6314293367346939,0.1277602523659306,0.029411764705882353,2536,408
188,very dense,rouleaux,normal,0.6559246173469387,0.14285714285714285,0.03116883116883117,2569,385
189,dense,heavy rouleaux,normal,0.6279036989795919,0.15953716690042075,0.017241379310344827,2852,406
190,dense,rouleaux,normal,0.596441581632653,0.14628040057224606,0.011737089201877934,2796,426
191,slightly dense,rouleaux,normal,0.5672580357142857,0.14704010184595798,0.02109704641350211,3142,474
192,slightly dense,rouleaux,normal,0.5594239795918368,0.14665841584158415,0.016194331983805668,3232,494
193,monolayer,heavy rouleaux,normal,0.4469224489795918,0.14931650893796003,0.008333333333333333,2853,480
194,sparse,no rouleaux,normal,0.4002154336734694,0.11739469578783152,0.002066115702479339,2564,484
195,monolayer,some rouleaux,normal,0.47745880102040816,0.13709677419354838,0.005758157389635317,2976,521
196,monolayer,heavy rouleaux,normal,0.5037742346938775,0.15503649635036496,0.004024144869215292,3425,497
197,monolayer,rouleaux,normal,0.44733316326530614,0.14512471655328799,0.0,3087,459
198,monolayer,rouleaux,normal,0.4378456632653061,0.14518354954457632,0.007462686567164179,3623,536
199,monolayer,slight rouleaux,normal,0.533867219387755,0.12008733624454149,0.03498542274052478,5496,1372
200,dense,no rouleaux,normal,0.613490943877551,0.11813842482100238,0.03462837837837838,4190,1184
201,dense,slight rouleaux,normal,0.6193733418367346,0.12082976903336184,0.03918367346938775,4676,1225
202,dense,no rouleaux,normal,0.612913137755102,0.10200279459711226,0.02754399387911247,4294,1307
203,very dense,no rouleaux,normal,0.6511816326530612,0.11384876805437553,0.04133180252583238,3531,871
204,dense,no rouleaux,normal,0.5854118622448979,0.1141804788213628,0.03532875368007851,4344,1019
205,slightly dense,slight rouleaux,normal,0.5552156887755102,0.1192429022082019,0.044580419580419584,4755,1144
206,dense,no rouleaux,normal,0.619872193877551,0.11747430249632893,0.044745057232049947,4086,961
207,very dense,no rouleaux,normal,0.6619529336734694,0.11524676040805074,0.0423841059602649,3627,755
208,dense,slight rouleaux,normal,0.6139308673469388,0.1297650130548303,0.043941411451398134,3830,751
209,very dense,slight rouleaux,normal,0.6544156887755102,0.12923380466951662,0.041666666666666664,3041,576
210,very dense,some rouleaux,flagged,0.6630862244897959,0.1305393335623497,0.05991735537190083,2911,484
211,very dense,slight rouleaux,flagged,0.6640786989795918,0.1193058568329718,0.050100200400801605,2766,499
212,slightly dense,slight rouleaux,normal,0.5703735969387755,0.1293731778425656,0.035781544256120526,2744,531
213,dense,slight rouleaux,flagged,0.6225997448979592,0.12857142857142856,0.06591337099811675,2870,531
214,very dense,some rouleaux,normal,0.7050073979591837,0.1353898886032562,0.035175879396984924,2334,398
215,very dense,slight rouleaux,flagged,0.7503229591836734,0.11826347305389222,0.05570291777188329,2004,377
216,very dense,rouleaux,flagged,0.682498469387755,0.14531645569620252,0.06489675516224189,1975,339
217,dense,rouleaux,normal,0.5868404336734694,0.14495592556317335,0.04862953138815208,5105,1131
218,very dense,some rouleaux,normal,0.7088322704081632,0.1302725968436155,0.043478260869565216,3485,828
219,dense,some rouleaux,normal,0.5954193877551021,0.13240556660039762,0.020364415862808145,5030,933
220,very dense,slight rouleaux,normal,0.6903179846938775,0.12813211845102507,0.037359900373599,3512,803
221,very dense,some rouleaux,normal,0.6358960459183673,0.13313609467455623,0.03536977491961415,4056,933
222,very dense,slight rouleaux,normal,0.6295332908163266,0.12456063268892795,0.03731343283582089,4552,938
223,very dense,slight rouleaux,normal,0.6664536989795918,0.12233906129776866,0.04550625711035267,3899,879
224,very dense,some rouleaux,normal,0.6720456632653061,0.13569099573614246,0.04353393085787452,3987,781
225,very dense,slight rouleaux,normal,0.6398923469387755,0.12449392712550607,0.04983388704318937,3952,903
226,dense,some rouleaux,normal,0.6216248724489796,0.13044524669073407,0.028795811518324606,4155,764
227,dense,no rouleaux,normal,0.6113441326530612,0.10720973782771535,0.035922330097087375,4272,1030
228,very dense,slight rouleaux,normal,0.6721448979591836,0.11900393184796855,0.023106546854942234,3815,779
229,very dense,no rouleaux,normal,0.6780058673469388,0.1098872950819672,0.024442082890541977,3904,941
230,very dense,no rouleaux,normal,0.7433802295918367,0.11240177656303382,0.019572953736654804,2927,562
231,very dense,no rouleaux,normal,0.6886477040816327,0.10687237026647967,0.03187250996015936,3565,753
232,very dense,slight rouleaux,normal,0.7572734693877551,0.12198685171658144,0.03143418467583497,2738,509
233,dense,no rouleaux,normal,0.6169466836734694,0.10932703659976387,0.031098153547133137,4235,1029
234,very dense,slight rouleaux,normal,0.7334257653061225,0.12012164216928535,0.028125,1973,320
235,slightly dense,some rouleaux,flagged,0.5754585459183673,0.1374015748031496,0.05565529622980251,5080,1114
236,very dense,some rouleaux,normal,0.6644053571428571,0.13918339724791337,0.04854368932038835,4433,1030
237,very dense,rouleaux,normal,0.707440943877551,0.14118303571428573,0.03902439024390244,3584,820
238,very dense,some rouleaux,normal,0.6454873724489796,0.13495469718645683,0.04797441364605544,4194,938
239,dense,rouleaux,normal,0.6091642857142857,0.14373153229210636,0.03890641430073607,4738,951
240,very dense,some rouleaux,flagged,0.6362358418367347,0.13678804855275445,0.05056759545923633,4284,969
241,dense,rouleaux,normal,0.5969195153061224,0.1403612092658029,0.03357531760435572,5094,1102
242,dense,slight rouleaux,normal,0.6193114795918367,0.12736699729486023,0.03398058252427184,4436,1030
243,dense,no rouleaux,normal,0.611623724489796,0.11402329749103943,0.036062378167641324,4464,1026
244,slightly dense,slight rouleaux,normal,0.570139668367347,0.1284927194018103,0.02608695652173913,5082,920
245,slightly dense,slight rouleaux,normal,0.5781119897959184,0.12052302444570778,0.01932367149758454,5277,1035
246,very dense,no rouleaux,normal,0.6409877551020409,0.11486979800438063,0.025341130604288498,4109,1026
247,very dense,slight rouleaux,normal,0.6305283163265306,0.12761227212094264,0.03596287703016241,4498,862
248,very dense,no rouleaux,normal,0.7236566326530612,0.08782435129740519,0.015855039637599093,3006,883
249,very dense,no rouleaux,normal,0.7079358418367347,0.10977118119975263,0.02679658952496955,3234,821
250,very dense,no rouleaux,normal,0.6989579081632653,0.09796149490373726,0.015889830508474576,3532,944
251,very dense,no rouleaux,normal,0.690330612244898,0.09890741805635422,0.036996735582154515,3478,919
252,very dense,no rouleaux,normal,0.6798224489795919,0.107280750137893,0.030716723549488054,3626,879
253,very dense,heavy rouleaux,normal,0.6348043367346938,0.1536063188526294,0.03925845147219193,4811,917
254,slightly dense,heavy rouleaux,flagged,0.5608656887755102,0.1518413597733711,0.05019685039370079,5295,1016
255,dense,rouleaux,flagged,0.5914862244897959,0.14614154338264695,0.06084396467124632,5002,1019
256,slightly dense,some rouleaux,normal,0.5571117346938775,0.1368421052631579,0.0368474923234391,5320,977
257,dense,some rouleaux,normal,0.5930391581632654,0.13508884607150504,0.036585365853658534,4671,902
258,very dense,some rouleaux,normal,0.6439547193877551,0.13776908023483367,0.04030226700251889,2555,397
259,dense,some rouleaux,normal,0.6074274234693877,0.13150609080841638,0.025157232704402517,3612,636
260,dense,slight rouleaux,normal,0.5871795918367347,0.1278324070115434,0.04503464203233257,4678,866
261,slightly dense,slight rouleaux,normal,0.5641452806122449,0.1297336473998913,0.029411764705882353,5519,1020
262,slightly dense,slight rouleaux,normal,0.5569096938775511,0.1280441400304414,0.027579162410623085,5256,979
263,slightly dense,slight rouleaux,normal,0.5848382653061225,0.12188807010555666,0.018901890189018902,5021,1111
264,slightly dense,slight rouleaux,normal,0.5821357142857143,0.12743190661478598,0.01680672268907563,5140,952
265,slightly dense,no rouleaux,normal,0.5572542091836735,0.11269349845201239,0.026747195858498704,4845,1159
266,dense,no rouleaux,normal,0.5964423469387755,0.1137631050635735,0.028601694915254237,4483,944
267,dense,no rouleaux,normal,0.6163230867346938,0.10455227613806903,0.027613412228796843,3998,1014
268,very dense,no rouleaux,normal,0.6705381377551021,0.09404205607476636,0.023092369477911646,3424,996
269,very dense,no rouleaux,normal,0.6592913265306123,0.10505506918949449,0.017653167185877467,3541,963
270,very dense,no rouleaux,normal,0.6448091836734694,0.11215415019762846,0.021251475796930343,4048,847
271,slightly dense,heavy rouleaux,normal,0.5454758928571428,0.1610648918469218,0.04463519313304721,6010,1165
272,dense,some rouleaux,flagged,0.5885956632653061,0.13582799255737027,0.0646186440677966,4837,944
273,very dense,heavy rouleaux,normal,0.6310102040816327,0.15556018325697626,0.0413135593220339,4802,944
274,slightly dense,some rouleaux,normal,0.5761417091836735,0.13616686343959072,0.04343720491029273,5082,1059
275,slightly dense,some rouleaux,normal,0.5821676020408163,0.13848537671896186,0.032467532467532464,5163,1078
276,dense,heavy rouleaux,normal,0.6002543367346939,0.16439909297052155,0.022532188841201718,5292,932
277,dense,rouleaux,normal,0.5943733418367347,0.14253689519895385,0.03316062176165803,5353,965
278,dense,rouleaux,normal,0.6291438775510204,0.14376860910250958,0.036742800397219465,4702,1007
279,slightly dense,rouleaux,normal,0.5843045918367347,0.143008287779933,0.01841620626151013,5671,1086
280,dense,some rouleaux,normal,0.5938190051020408,0.13559322033898305,0.030439684329199548,4779,887
281,slightly dense,rouleaux,normal,0.5574977040816327,0.1443478260869565,0.016464471403812825,5750,1154
282,dense,slight rouleaux,normal,0.6125880102040816,0.122497308934338,0.01652892561983471,4645,968
283,dense,slight rouleaux,normal,0.6108252551020408,0.12216884008236102,0.02865612648221344,4371,1012
284,very dense,slight rouleaux,normal,0.6392774234693878,0.12505932605600378,0.023076923076923078,4214,910
285,dense,no rouleaux,normal,0.6143163265306123,0.10726474890297416,0.030434782608695653,4102,1150
286,very dense,no rouleaux,normal,0.6690191326530612,0.10438772583882994,0.025703794369645042,3487,817
287,very dense,no rouleaux,normal,0.6896998724489796,0.09273614699971289,0.01567398119122257,3483,957
288,very dense,no rouleaux,normal,0.684289668367347,0.09753196550698781,0.03184713375796178,3363,942
289,slightly dense,rouleaux,normal,0.5701196428571429,0.1464214168639592,0.04307974335472044,5491,1091
290,slightly dense,heavy rouleaux,normal,0.551986224489796,0.16859300354445986,0.03666666666666667,6489,1200
291,slightly dense,heavy rouleaux,normal,0.5671081632653061,0.15874101950051317,0.037069726390114736,5846,1133
292,dense,rouleaux,normal,0.6264984693877551,0.14577324162414024,0.03669724770642202,4507,981
293,slightly dense,heavy rouleaux,normal,0.5687588010204082,0.15298832549224603,0.02663230240549828,5739,1164
294,slightly dense,heavy rouleaux,normal,0.5595547193877551,0.1606524962926347,0.024955436720142603,6069,1122
295,slightly dense,heavy rouleaux,normal,0.5835164540816327,0.15188565524367142,0.02106318956870612,5807,997
296,dense,rouleaux,normal,0.5960544642857143,0.1400477853335784,0.015180265654648957,5441,1054
297,slightly dense,heavy rouleaux,normal,0.5635349489795919,0.14912581419266369,0.029837251356238697,5834,1106
298,dense,rouleaux,normal,0.6107548469387755,0.1427710843373494,0.02267818574514039,4980,926
299,dense,rouleaux,normal,0.5894163265306123,0.13937753721244925,0.02576808721506442,5173,1009
300,dense,some rouleaux,normal,0.5960496173469387,0.1366920523335286,0.025358324145534728,5121,907
301,dense,some rouleaux,normal,0.5996734693877551,0.13028906577293675,0.021235521235521235,4774,1036
302,very dense,some rouleaux,normal,0.6396192602040817,0.13055428309665598,0.025089605734767026,4366,837
303,dense,slight rouleaux,normal,0.6233769132653061,0.12258357971344098,0.035196687370600416,4397,966
304,very dense,no rouleaux,normal,0.7291053571428572,0.11547826086956521,0.022388059701492536,2875,670
305,very dense,no rouleaux,normal,0.7337506377551021,0.1143827859569649,0.026030368763557483,2649,461
306,very dense,no rouleaux,normal,0.6701316326530612,0.1143486777668952,0.01873536299765808,4084,854
307,monolayer,heavy rouleaux,normal,0.5396571428571428,0.15365111561866127,0.04714828897338403,5916,1315
308,slightly dense,heavy rouleaux,normal,0.5440758928571429,0.1544056868903951,0.039525691699604744,6049,1265
309,slightly dense,some rouleaux,normal,0.561732525510204,0.13713433948201975,0.047323506594259115,5367,1289
310,slightly dense,heavy rouleaux,normal,0.5766567602040816,0.14731369150779897,0.04516129032258064,5193,1085
311,slightly dense,rouleaux,normal,0.5642929846938776,0.14411441144114412,0.036574487065120426,5454,1121
312,slightly dense,heavy rouleaux,normal,0.5731806122448979,0.16395129480363574,0.029143897996357013,5831,1098
313,dense,rouleaux,normal,0.5851542091836734,0.14410565158283162,0.04202483285577841,5149,1047
314,slightly dense,heavy rouleaux,normal,0.5662146683673469,0.15073154134059205,0.027881040892193308,5878,1076
315,slightly dense,rouleaux,normal,0.5762645408163265,0.14722269120378187,0.016853932584269662,5923,1068
316,dense,some rouleaux,normal,0.5879265306122449,0.13452065176203107,0.018292682926829267,5278,984
317,dense,some rouleaux,normal,0.5887367346938776,0.13732736821630034,0.030798845043310877,5141,1039
318,dense,slight rouleaux,normal,0.5998397959183673,0.12487163688642432,0.029151943462897525,4869,1132
319,dense,some rouleaux,normal,0.6105589285714286,0.1360217300459674,0.027808676307007785,4786,899
320,dense,no rouleaux,normal,0.6153908163265306,0.11287645245435143,0.02277227722772277,4217,1010
321,very dense,no rouleaux,normal,0.6518616071428571,0.11691850383948477,0.026615969581749048,4037,789
322,very dense,slight rouleaux,normal,0.684264030612245,0.11946107784431138,0.018226002430133656,3340,823
323,very dense,no rouleaux,normal,0.7233922193877551,0.09608900876601484,0.02621231979030144,2966,763
324,very dense,no rouleaux,normal,0.6869048469387755,0.11679032701291564,0.026685393258426966,3639,712
